Feature,Chi2_Score
txt,85.64531177609726
claim,84.18456334291547
mobile,77.8462810645618
www,71.27982923341352
prize,69.20292477172211
free,66.42542656630623
uk,64.58771326794462
150p,57.10190953343224
service,55.38456158245474
urgent,50.43814896400289
stop,42.691252491823136
reply,42.26805877962912
18,41.007902601072615
guaranteed,40.463074125056316
contact,40.131665239438085
16,38.98569636590003
1000,37.91087804184183
tone,37.27118019550475
com,36.81007132477992
500,36.27648075174032
nokia,35.80554356405477
50,35.313727255730115
won,35.21942703182088
ringtone,34.5001593282883
win,32.72754050640854
awarded,32.3388438452708
landline,31.292634131529823
cs,31.229832231802543
video,30.31569947705186
cash,29.860845387267116
text,27.403265710939664
000,27.04920929391751
line,26.486250441192677
attempt,26.470427248589854
100,26.37010161819802
150ppm,26.20799928066168
customer,25.594404388523134
10p,24.83411203364216
http,24.353115116390445
shows,24.085314763435516
club,23.44965801041988
latest,23.260580298870444
code,23.246489444819982
valid,23.202885565762163
apply,23.16291626699693
dating,23.11385875607497
tones,22.483656272680353
send stop,22.38254553057557
bonus,22.17953551852653
services,21.508848532057705
dating service,21.3403539915347
sms,21.291329837756468
800,21.026921305474772
draw,20.82623464688058
750,20.631488085160633
content,20.56140209948807
weekly,20.500415441880833
collection,20.451253748014587
network,20.371992831998497
mob,19.67659501436766
entry,19.586244446535744
delivery,19.563236393778975
prize guaranteed,19.52595131481127
rate,19.4838893385934
txt stop,19.374107646666303
award,19.286438615027837
national,19.12132537618116
selected receive,19.084475254548824
1000 cash,18.93858964487832
2000,18.878085070469112
urgent mobile,18.808946958939057
new,18.555006327228817
opt,18.532511097980457
charged,18.459493479275782
wap,18.453446331791433
private,18.383948646404754
land line,18.271610374781506
land,18.271610374781506
winner,18.22209058676927
250,18.122013494416617
attempt contact,18.081000034279672
po,18.044906825043167
poly,18.026925375998072
5000,18.021014823678158
trying contact,17.977791889195508
0800,17.752138993384758
prize claim,17.529248896656295
shows won,17.480835183062332
draw shows,17.480835183062332
camera,17.42168612759539
expires,17.32761796120312
receive,17.001925820793073
valid 12hrs,16.97146666269064
12hrs,16.97146666269064
caller prize,16.970429881927384
account statement,16.888487950721423
2nd attempt,16.797028794921463
games,16.558970631868434
ringtones,16.508405155620917
03,16.388397055379016
wk,16.384145556080682
po box,16.323115778043935
sae,16.28815008623506
national rate,16.053172624364137
freemsg,15.946057768299355
unsubscribe,15.930633892834997
offer,15.85721996132736
150p msg,15.7644546752217
150,15.719372839488296
identifier,15.654429606316384
identifier code,15.654429606316384
pobox,15.538756341861939
final,15.465967094321298
voucher,15.228924965179903
customer service,15.15623402772514
info,15.10986881501004
mobileupd8,15.072558072078285
08000930705,15.021575107985196
ac,14.982537169711287
sms ac,14.982537169711287
bonus caller,14.966486257170883
urgent message,14.848635318266659
message waiting,14.848635318266659
immediately urgent,14.848635318266659
private 2003,14.764940074670015
2003,14.764940074670015
2003 account,14.764940074670015
statement,14.727223210497286
new message,14.694337422638954
86688,14.536329873887695
txt word,14.532209305540475
await collection,14.434113882441885
ur mobile,14.38753534347708
2000 prize,14.31389644283177
customer services,14.280041690636285
caller,14.242599900441224
orange,14.175970794290876
free entry,14.089206340862024
vouchers,14.021731843709418
won 000,13.971749253419407
camcorder,13.868746044545993
chance win,13.853577189788618
08000839402,13.80594863767907
operator,13.653674650224652
reply 08000930705,13.636871142584633
quiz,13.565255659809187
chat,13.493196584389159
10p min,13.492778664357406
tried contact,13.4817667568017
urgent trying,13.350470664461636
reveal,12.983394337665096
50p,12.960822230995781
won guaranteed,12.913630948222359
holiday,12.826605801863186
ur awarded,12.805007094600477
half price,12.800318161617252
line rental,12.800318161617252
rental,12.800318161617252
music,12.770282362070729
collect,12.743883801266483
new video,12.702679841339076
txts,12.576112119064916
04,12.565068369025855
selected,12.553056994343883
8007,12.351183641083523
network mins,12.320570468493868
msg,12.28368157916233
await,12.245445719187892
shows 800,12.202585615907863
800 redeemed,12.202585615907863
redeemed,12.202585615907863
redeemed points,12.202585615907863
350,12.168509253668011
call2optout,12.166784429189214
line claim,12.077918643140006
mobiles,12.05189124653967
just txt,12.007412437717429
secret admirer,11.909664404899457
reveal thinks,11.909664404899457
admirer,11.909664404899457
contact won,11.889036719681254
200,11.846575471238195
yr,11.842296078417522
free text,11.837973588237574
02,11.835778592483107
wkly,11.807864871964917
mobile content,11.735306600161055
text stop,11.72722056887159
credits,11.609403377485245
cost,11.557063436083281
choose,11.504615921484735
reply stop,11.46371692670716
mins,11.444836085152225
bid,11.236467542636252
dogging,11.220721396574994
congratulations,11.201819431572448
pounds,11.131135642111483
specially,11.100657875709153
box,11.025790707278745
tried,11.019172681558723
anytime network,10.999607105153343
http www,10.99171210903723
2nd,10.977665080499674
good luck,10.972841326906552
claim code,10.932422062570668
reward,10.836046298030034
camcorder reply,10.824938882920476
06,10.797376366252207
87066,10.712163906293739
stop texts,10.688543790449248
todays draw,10.642114730302719
contact todays,10.642114730302719
03 2nd,10.636853499893295
motorola,10.602246773486549
looking make,10.551537650134714
admirer looking,10.551537650134714
make contact,10.551537650134714
thinks ur,10.551537650134714
ur special,10.551537650134714
contact reveal,10.551537650134714
polys,10.506196894828165
10am,10.461119126141046
claim ur,10.439821172196446
86688 150p,10.268685763895734
complimentary,10.247167976321158
ringtoneking,10.243648327128458
delivery tomorrow,10.224378700658036
txt nokia,10.114564721051178
custcare,10.052432664993768
video phone,10.032763666477871
charged 50,10.020520509026555
direct,9.99656343632609
bt national,9.98886185556282
biz,9.970644453740352
week just,9.882887230800408
todays,9.875464120353401
awaiting,9.835756617761515
announcement,9.78271631140426
service announcement,9.78271631140426
double mins,9.762462233997503
reply yes,9.728577522147743
free ringtone,9.726848521632634
themob,9.717673450345146
87077,9.685614244365274
ipod,9.68105635974399
xmas,9.677029324707561
mobile charged,9.676130610783687
contacted dating,9.648015963163074
contacted,9.648015963163074
2lands row,9.640508800184746
2lands,9.640508800184746
w1j6hl,9.640508800184746
row w1j6hl,9.640508800184746
suite342 2lands,9.640508800184746
suite342,9.640508800184746
2004,9.637163025976918
texts 08712460324,9.598359142840344
08712460324,9.598359142840344
flights,9.562084927704639
bluetooth,9.541337909439727
representative,9.520074986771661
service representative,9.520074986771661
guaranteed 1000,9.520074986771661
750 anytime,9.514444808500462
word,9.459170112200738
25p,9.454009736928008
thanks ringtone,9.44239168159939
ringtone order,9.44239168159939
sae cs,9.429081530880948
cash await,9.429081530880948
ur mob,9.40533096981963
000 bonus,9.353410156343505
mobileupd8 08000839402,9.24098026048149
new voicemail,9.209796098351188
voicemail,9.209796098351188
price line,9.194182070040197
price,9.050249303884726
awarded 500,9.048488871818483
age16,8.963294099439151
88066,8.933257909790566
chat 86688,8.917655593796638
digital camera,8.842833813740132
digital,8.842833813740132
subscription,8.825802011858427
rcvd,8.789608410728643
ldn,8.7834940358365
specially selected,8.781297802392922
08000839402 call2optout,8.774608341001642
claim easy,8.746066116174
music 87066,8.719938046458818
400,8.719175994245937
join,8.711172537597971
spree,8.678975696608234
shopping spree,8.678975696608234
valued,8.667577155703599
rates,8.657603178732142
wk txt,8.636373810305361
free msg,8.61201384073427
ur cash,8.605028727141113
freephone,8.49833420075807
receive 350,8.47237275430884
62468,8.432457648030748
stop send,8.432457648030748
final attempt,8.426900038966238
operator claim,8.40936202185835
speak live,8.40936202185835
live operator,8.40936202185835
tone ur,8.369813846659188
win 100,8.338224223512938
new nokia,8.3088317147534
just reply,8.306217606833535
tenerife,8.291629159372741
tenerife holiday,8.291629159372741
min stop,8.2679052022939
revealed,8.265540902693086
savamob,8.246955815090951
auction,8.221775810345555
prize customer,8.220983571394765
free 0800,8.191123593606681
1st week,8.159971617652216
handset,8.155248337784997
immediately,8.141146702165287
prize 02,8.098903517798911
2nd time,8.09548493203387
350 award,8.046758762215221
selection,8.041659215097699
statement shows,8.016666153623072
std,8.012667353339598
o2,7.980983647838764
cs apply,7.968991131771934
link,7.954145045372547
jamster,7.947272943155657
sp,7.930924204729076
free mobile,7.899248207149481
credit,7.889248504287555
18 www,7.878632118251636
ts cs,7.861675517412534
ts,7.861675517412534
80488,7.8546969839457255
000 cash,7.815191643641751
2optout,7.815087473230612
camera phones,7.808209331806798
matches,7.769755294928806
tone arrive,7.757689362356944
50 tone,7.757689362356944
arrive customer,7.757689362356944
mobile number,7.75060045830975
access,7.748026462758512
24,7.71732684585242
stop stop,7.686554641545474
arsenal,7.6767440567469745
premium,7.65881565668522
txt chat,7.654802820604371
secret,7.654114553739616
txt music,7.634331407946004
draw txt,7.634331407946004
local,7.603200075060169
cash 2000,7.587987993157156
singles,7.575120832539648
500 cd,7.529487417573385
just text,7.463844679943325
polyphonic,7.4381174244048465
ok,7.41726464614217
500 free,7.415061545391581
cost 50,7.408323445714438
www ldew,7.40760174435335
ldew,7.40760174435335
holiday 5000,7.406445973647127
gift vouchers,7.390831208949354
free camcorder,7.382656059112366
message,7.363777249778359
10am 7pm,7.356272609388237
cost 10p,7.331392051636704
7pm cost,7.331392051636704
optout,7.314044552640539
vary,7.2853161643587985
text messages,7.268500719732144
wallpaper,7.267482691290594
ntt po,7.264600353708251
ntt,7.264600353708251
service know,7.254453084927208
points,7.232279024952791
terms conditions,7.1931448054060745
conditions,7.1931448054060745
mobile free,7.152089293815104
0207,7.145690578367079
enter,7.139215760680026
ur mates,7.133196556861477
87131,7.133161910412709
1st,7.118073820600768
100 weekly,7.110889418889114
order,7.1076847132846375
10,7.104515156889763
latest motorola,7.0714660900017225
28,7.019095417231882
06 03,6.996074245130647
attempt reach,6.996074245130647
sunshine,6.983136705798509
sport,6.9642621059466405
landline complimentary,6.950691533966646
latest news,6.928752749325896
offers,6.9154361950353
08712300220,6.9122428109501355
500 pounds,6.905422962731528
cs www,6.903236937166742
easy just,6.899983591110927
loyalty,6.883475307771367
awarded 2000,6.8827987132685475
numbers ending,6.878280404859124
ref,6.874821474363203
records,6.8738665946783595
entitled,6.8642856103360925
join uk,6.860169033616578
collection sae,6.815346398000727
number awarded,6.799417519394517
0800 542,6.795735466220017
freephone 0800,6.795735466220017
542,6.795735466220017
thinks,6.777583011127344
getzed,6.758164358507251
getzed uk,6.758164358507251
colour,6.755240197951819
88066 lost,6.746507614523798
friend reply,6.736186413124051
inviting friend,6.736186413124051
inviting,6.736186413124051
frnd 62468,6.736186413124051
stop frnd,6.736186413124051
www sms,6.736186413124051
age,6.716778814504086
important customer,6.716458555917315
dear voucher,6.696345465506511
voucher holder,6.696345465506511
holder,6.696345465506511
nokia free,6.679170861841136
08000930705 delivery,6.676477368195326
900 prize,6.674537708814707
congratulations ur,6.672345108153199
5000 cash,6.658214618271015
won 800,6.6549126758638115
800 prize,6.6549126758638115
txtauction,6.650899339864866
user,6.650109061755207
free 1st,6.6331587064721305
arrive,6.613830490934079
draw 100,6.613646484921157
100 gift,6.613646484921157
gift voucher,6.613646484921157
asap,6.595365135063221
11mths,6.592934226896736
subscriber,6.567006613736892
3030,6.562054843476054
3030 valid,6.562054843476054
claim 3030,6.562054843476054
action,6.5334357145578155
11 04,6.5314746507022505
min 18,6.526403760196292
mobile awarded,6.523930323610405
reply date,6.519635197293097
cash wk,6.510757237973451
250 cash,6.510757237973451
del,6.498110203495713
order reference,6.4899277888587
82277,6.477206106448284
terms,6.472343610171786
entry 100,6.414434592399337
unsub,6.405015189135666
claim free,6.3993777446419235
network operator,6.388461842335559
min,6.385872904955837
receive 1000,6.385793175349146
weekends draw,6.385648292084746
contact weekends,6.385648292084746
sexy,6.3300219304091705
gbp,6.328893963774547
08718720201,6.313499660621703
girls waiting,6.304897784940232
hg,6.301053487867912
hg suite342,6.301053487867912
horny,6.300124782007008
5000 prize,6.280208062208736
ec2a,6.27965844565156
want new,6.268166126649968
vodafone,6.266397318895732
asked dating,6.260239806247212
know asked,6.260239806247212
contact guess,6.260239806247212
service contact,6.260239806247212
00,6.258637334046178
fancies,6.252515903214455
tell ur,6.247555979546603
50 msg,6.246847692866928
40gb,6.233869777522911
40gb ipod,6.233869777522911
won 2000,6.231392451584878
filthy,6.222333896717771
claim yr,6.215865531982988
yr prize,6.215865531982988
88600,6.206977438918733
gt,6.203677337114609
mins 150,6.18568186967058
talk time,6.1845489244966405
lt,6.172283569997329
offer new,6.167396306747084
ur,6.157467117880578
awaiting collection,6.146939281461949
msg rcvd,6.121860625264538
unlimited,6.112171464540658
minute bt,6.078629083755115
10p minute,6.078629083755115
video handset,6.065941756189985
handset 750,6.065941756189985
entry 250,6.0619159148471535
250 weekly,6.0619159148471535
win 200,6.025504872633549
summer,6.021737739896512
08001950382,6.014994189971268
latest nokia,5.990799413104872
ve won,5.984426650813755
cost 150p,5.975055464488291
09,5.972536293726836
free nokia,5.970336206688215
80062,5.970135612837209
chance,5.955398480844553
08718727870,5.9473854198019955
tncs,5.942170742426981
santa,5.938740658016092
gay,5.936033860560829
player,5.932789390429443
stop end,5.926689535575358
tariffs,5.920629097659471
orange tariffs,5.920629097659471
no1,5.904652980672441
latest colour,5.884026495250821
account,5.87256703605528
60p,5.845704220755581
60p min,5.845704220755581
euro2004,5.843070340934304
freemsg hey,5.842597487940973
83355,5.834771269399364
ipod mp3,5.834771269399364
mp3 player,5.834771269399364
downloads,5.805012815178049
xchat,5.788802810989032
invited xchat,5.788802810989032
05,5.776984221665266
100 free,5.772659784009317
tone 16,5.753712375733654
mob week,5.753712375733654
mins half,5.750919639755487
delivered,5.737814843359168
stop txt,5.7240513380349345
mobile landline,5.711272342095484
150p min,5.693576415954327
week free,5.691556410829113
direct mobile,5.691548405937414
mobile week,5.666276498637973
nokia tone,5.6560899308320645
lt gt,5.643947006439519
welcome,5.626317100865358
come,5.621901288785233
msg free,5.619112637167235
02 06,5.6115281110455335
free bluetooth,5.607481361463419
networks,5.602687139201078
urgent 2nd,5.583454144201454
txt ur,5.580336777633107
linerental,5.544348378740946
urgent ur,5.538010450655508
free reply,5.530260356777296
flag,5.529432052698458
plus free,5.527286660862801
sonyericsson,5.526174016489911
sonyericsson nokia,5.526174016489911
mins 1000,5.526174016489911
motorola sonyericsson,5.526174016489911
1000 prize,5.517524158752524
87239,5.5140430866558505
stop 87239,5.5140430866558505
logo,5.507980680887135
7pm,5.502973689162957
asp,5.4994268858144455
paris,5.483897362542168
w1j6hl ldn,5.4661620623650595
todays voda,5.448299716655275
08712300220 quoting,5.448299716655275
voda numbers,5.448299716655275
quoting,5.448299716655275
standard,5.448299716655275
standard rates,5.448299716655275
quoting claim,5.448299716655275
match 08712300220,5.448299716655275
voda,5.448299716655275
holiday 10,5.433462607456564
10 000,5.433462607456564
40,5.422637048429662
offers mobile,5.422170975791918
member offers,5.422170975791918
savamob member,5.422170975791918
08712405020,5.395992331277334
sk38xh,5.393433454014655
300,5.388908958266007
won 1000,5.38441327884217
jordan,5.375235639805923
text yes,5.3730601629112344
434,5.368780156992904
england,5.35967840920028
weekly draw,5.353539031916696
logos,5.330210162865596
gender,5.329310061399611
vip,5.328738943220426
comp,5.324931183517302
81303,5.320542960039081
2000 bonus,5.308486506132296
awarded sipix,5.306094231741593
landline delivery,5.306094231741593
sipix,5.306094231741593
sipix digital,5.306094231741593
offer ends,5.292673861880723
lor,5.282776573584242
texts,5.276675607910147
cd gift,5.243914399465839
optout txt,5.243614172936802
comuk,5.237087395611953
cost 150ppm,5.236000688404064
worth,5.2268561424613855
rates apply,5.224176851483222
web,5.181186549030091
reply age,5.176446036246719
germany,5.1540212565393375
zed,5.144250340252595
choose quality,5.138271877201714
25,5.134160133887426
10 04,5.094176164185843
maximize ur,5.0822685859449725
pounds maximize,5.0822685859449725
currently 500,5.0822685859449725
cash send,5.0822685859449725
balance currently,5.0822685859449725
maximize,5.0822685859449725
cc,5.0822685859449725
cash balance,5.0822685859449725
ll,5.078730480269361
fantasy,5.076787767844632
200 shopping,5.075817581473155
ur area,5.067566085169961
da,5.066991580133476
3mins,5.0532513789427265
following,5.0385711245611695
sol,5.025390437743346
costa del,5.025390437743346
sol holiday,5.025390437743346
del sol,5.025390437743346
costa,5.025390437743346
000 prize,5.019188831970516
12hrs 150ppm,5.0163355433377275
customer care,5.005948492863344
time tried,4.997450102290726
www getzed,4.991950666447264
harry,4.9848583479145105
winner specially,4.970664636258999
uk games,4.9699554169721845
holiday flights,4.969714831407399
flights speak,4.969714831407399
mins unlimited,4.967771816585476
unlimited text,4.967771816585476
wkly comp,4.964404824525053
entered,4.96254350249613
text help,4.960513601574638
refused,4.960513601574638
click,4.937864970574691
calls,4.937736162736574
provided,4.929423268148646
pc,4.928205520903479
partner,4.926723692129061
auction send,4.920975020453628
tenants,4.905040101075045
purpose,4.905040101075045
tenants welcome,4.905040101075045
dvd,4.896489432609109
gay chat,4.895256122337646
sunshine quiz,4.890163423837418
sony dvd,4.890163423837418
win free,4.887313115149762
claims,4.867882515009265
ls15hb,4.85522146607136
ls15hb 150p,4.85522146607136
pobox ls15hb,4.85522146607136
com txt,4.834193807230065
83600,4.830670576430656
net,4.827154557926386
postcode,4.823075743928172
free camera,4.821519720025809
sent direct,4.819232520619339
dogging network,4.819232520619339
want real,4.819232520619339
locations,4.819232520619339
largest dogging,4.819232520619339
laid,4.819232520619339
locations sent,4.819232520619339
largest,4.819232520619339
mobile phone,4.816189896056138
pobox45w2tg150p,4.792278543332003
know land,4.792278543332003
69669,4.790605282339636
verify,4.787161987241278
txt age,4.786559365462705
claim number,4.78556268348737
phones,4.767097294234244
2stop,4.763683280030895
voucher entered,4.7580159921521314
entered receipt,4.7580159921521314
correct ans,4.7580159921521314
receipt correct,4.7580159921521314
cash holiday,4.737934893775402
rcv,4.730959513100245
holder claim,4.7302523357564485
pound prize,4.723139189159445
won 750,4.723139189159445
750 pound,4.723139189159445
542 0578,4.720653623178648
0578,4.720653623178648
textcomp,4.702494854727263
fantasies,4.69447500150689
reference number,4.69437641560902
gift,4.691082964454177
charity,4.688753445034588
brand new,4.6852377606421145
camera phone,4.684686891997675
reply offer,4.67799583687219
contact reply,4.67799583687219
csbcm4235wc1n3xx,4.658079252310927
max 50,4.658079252310927
ur balance,4.655658870017808
cd,4.645295585673295
pounds week,4.645057888914722
reply delivery,4.645057888914722
150 text,4.645057888914722
newest,4.6431519658788565
announcement premier,4.638503906664023
premier,4.638503906664023
5we,4.635181929642921
ip4,4.635181929642921
ip4 5we,4.635181929642921
ringtone club,4.631066411884868
weekly comp,4.627532100934363
comp just,4.627532100934363
send word,4.627532100934363
calls minmobsmorelkpobox177hp51fl,4.619906197769617
minmobsmorelkpobox177hp51fl,4.619906197769617
pobox36504w45wq,4.61585214388182
85,4.6153195825255
orange line,4.5958607839721495
price orange,4.5958607839721495
xmas prize,4.5938237547077065
word ok,4.592003505993408
mono,4.585532395399627
area,4.579863144501788
2004 account,4.577854244735714
786 unredeemed,4.577854244735714
points claim,4.577854244735714
786,4.577854244735714
shows 786,4.577854244735714
unredeemed,4.577854244735714
home,4.575515779225425
reply end,4.568368293252882
reply hl,4.54672461248591
hl,4.54672461248591
80488 biz,4.546674261641484
no1 nokia,4.540129709312209
txting tell,4.540129709312209
36504,4.540129709312209
pobox 36504,4.540129709312209
week no1,4.540129709312209
subscribed,4.520412648204803
contact txt,4.507847727068207
xchat final,4.507847727068207
ve invited,4.507847727068207
mtmsgrcvd18,4.502047645506227
straight phone,4.490800027188259
currently,4.480089745970785
box95qu,4.47437827490205
0871,4.47437827490205
contact 0871,4.47437827490205
awarded 000,4.47437827490205
anytime,4.468712755633744
free join,4.461665611214503
free charge,4.461586460932103
84025,4.457569103868585
cds,4.456440447437541
skilgme,4.447340206744086
store 88039,4.447340206744086
88039,4.447340206744086
88039 skilgme,4.447340206744086
88888,4.445939850101834
pence,4.44382311243325
ending,4.436655260968912
lucky day,4.434735503788519
urawinner,4.434735503788519
urawinner com,4.434735503788519
com fantastic,4.434735503788519
log http,4.434735503788519
important information,4.434735503788519
www urawinner,4.434735503788519
today lucky,4.434735503788519
fantastic surprise,4.434735503788519
surprise awaiting,4.434735503788519
300p,4.430049502589427
billed,4.4123548197404405
members,4.411528212381003
week starting,4.401718752879097
fantastic,4.400585046567937
free texts,4.400040233022633
box97n7qp 150ppm,4.393266688273792
asap box97n7qp,4.393266688273792
box97n7qp,4.393266688273792
07xxxxxxxxx,4.388323739194998
1x150p wk,4.3808182304036825
win 250,4.3808182304036825
ur chance,4.3808182304036825
1x150p,4.3808182304036825
update free,4.372188552943209
receive service,4.371216959315605
summer free,4.365658006121206
waiting text,4.354324964916674
balance,4.332720924817766
tariffs latest,4.325782335560068
free mobileupd8,4.325782335560068
textpod,4.324437832217249
84128,4.319667069994237
colour camera,4.317994420484653
mobile 11mths,4.317994420484653
ntwk mins,4.314250731701809
cross ntwk,4.314250731701809
ntwk,4.314250731701809
08001950382 call2optout,4.314250731701809
txtauction txt,4.314104346796971
word start,4.314104346796971
10 txtauction,4.314104346796971
start 81151,4.314104346796971
81151,4.314104346796971
4t,4.314104346796971
mobile 10,4.314104346796971
customer loyalty,4.314104346796971
loyalty offer,4.314104346796971
81151 4t,4.314104346796971
mobileupd8 08001950382,4.307294389501378
alert,4.299886442095112
150ppm 18,4.295596283101081
ur award,4.290805819431172
award free,4.290805819431172
uk mobile,4.281756311483845
ppm,4.271698435169002
number won,4.2655833004878545
going,4.262544058388819
tc,4.257515013125557
0845,4.255285058338018
u4,4.253420208775543
heard u4,4.253420208775543
uks,4.243780898645481
600,4.2404925401412354
free just,4.221881904221439
free minutes,4.215707284451774
colour phone,4.215707284451774
mobile 100,4.215707284451774
nokia 3510i,4.215707284451774
3510i colour,4.215707284451774
minutes mobile,4.215707284451774
3510i,4.215707284451774
satisfy,4.214829597729115
ec2a 3lp,4.204592319879434
nyt ec2a,4.204592319879434
3lp,4.204592319879434
82468,4.1922691453732615
wap 82468,4.1922691453732615
text wap,4.1922691453732615
cw25wx,4.182527697438332
chart,4.180795066770643
play send,4.179240576924823
video camera,4.177417903673676
31,4.1654481121107905
50 wk,4.164579199709722
cr9 5wb,4.164428893461139
just 20p,4.164428893461139
5wb,4.164428893461139
cr9,4.164428893461139
5wb 0870,4.164428893461139
1327,4.164428893461139
1327 croydon,4.164428893461139
20p min,4.164428893461139
min ntt,4.164428893461139
croydon,4.164428893461139
0870,4.164428893461139
croydon cr9,4.164428893461139
box 1327,4.164428893461139
20p,4.164428893461139
tkts,4.164231917598831
cup final,4.164231917598831
bt landline,4.1541423300293685
87121,4.149378420703894
3uz,4.141610651001579
m26,4.141610651001579
m26 3uz,4.141610651001579
txting,4.139215840969199
2005,4.130160811168781
club credits,4.129609080045802
54,4.128435926105741
inclusive,4.119253692475322
18 150p,4.119137833177441
december,4.11858477343616
pic,4.117815213781591
quiz win,4.116508116298768
revealed pobox,4.113100278848535
rates app,4.110561270385099
replying,4.106283962422444
prize txt,4.1046299880816735
collect 83355,4.1046299880816735
word collect,4.1046299880816735
phone 40gb,4.1046299880816735
player 500,4.1046299880816735
500 prize,4.1046299880816735
just 25p,4.0995049467385805
150p msgrcvdhg,4.097108869819215
msgrcvdhg,4.097108869819215
msgrcvdhg suite342,4.097108869819215
phones free,4.086112861591483
latest camera,4.086112861591483
stop sms,4.082499964990944
custcare 08712405020,4.073977574825437
msg 150p,4.07209530354969
tc biz,4.071289673055974
50gbp mtmsg18,4.071289673055974
new mobiles,4.071289673055974
today www,4.071289673055974
nokia 89545,4.071289673055974
www tc,4.071289673055974
mobiles 2004,4.071289673055974
50gbp,4.071289673055974
087187262701 50gbp,4.071289673055974
087187262701,4.071289673055974
2004 txt,4.071289673055974
mtmsg18,4.071289673055974
89545 collect,4.071289673055974
biz 2optout,4.071289673055974
collect today,4.071289673055974
89545,4.071289673055974
2optout 087187262701,4.071289673055974
saucy,4.0694675788973615
com 50p,4.055990359303312
vouchers free,4.054748239993376
visit www,4.048328577003783
wkly draw,4.045755894942182
100 wkly,4.045755894942182
discreet,4.037546453571496
free polyphonic,4.032740125262013
cs po,4.031243735137577
txt club,4.028721841107055
help info,4.028293499580108
reply win,4.024890785035474
got,4.0238323551469195
acl03530150pm,4.002584111612885
stop msg,3.988645289901866
83383,3.9869462533069653
cash 5000,3.985803175251487
121 chat,3.9836100627261857
121,3.9836100627261857
12mths,3.9799529070328603
live local,3.9694346734817882
netcollex,3.9694346734817882
wc1n3xx,3.9639844726962377
ldn wc1n3xx,3.9639844726962377
27 03,3.959526072177597
27,3.959526072177597
13,3.951167988904952
expires 13,3.951167988904952
randy,3.9438189721918575
information,3.9434123348323005
august,3.9407815090322393
cash 100,3.938377948588269
msg cc,3.93719408793986
mates,3.9347038668992567
member,3.9323078446181836
rgds,3.930585262495728
ldew com1win150ppmx3age16,3.929319763876505
tncs www,3.929319763876505
com1win150ppmx3age16,3.929319763876505
87066 tncs,3.929319763876505
double,3.9244613900318264
ringtone text,3.9214753374514975
cc 08718720201,3.912014789212721
send 86688,3.912014789212721
send txt,3.9110347069675915
moby,3.910205359555082
bt,3.8999211299477547
18 xxx,3.8955608179517025
150p textoperator,3.8955608179517025
textoperator,3.8955608179517025
89555,3.8955608179517025
g696ga,3.8955608179517025
g696ga 18,3.8955608179517025
textoperator g696ga,3.8955608179517025
tcs,3.894864186011899
row,3.8813741212362394
uk original,3.8799565496275803
www ringtones,3.8799565496275803
original best,3.8799565496275803
ringtones uk,3.8799565496275803
operator rates,3.8799565496275803
best tones,3.8799565496275803
tone reply,3.8799565496275803
3gbp,3.8799565496275803
tones 3gbp,3.8799565496275803
3gbp network,3.8799565496275803
euro,3.8728647384933854
cancel send,3.869377062091235
unique,3.8677887248296914
sexy singles,3.8660622844120316
03 final,3.8579016814185465
messages,3.8523975855742307
08712460324 nat,3.8504228255842188
nat rate,3.8504228255842188
nat,3.8504228255842188
week,3.8417162741951074
nokia mobile,3.8390484869775463
opt reply,3.8389631003056177
visionsms,3.8363823725693393
com text,3.8363823725693393
visionsms com,3.8363823725693393
week 16,3.8326465468076027
mobile txt,3.816436622128142
21,3.8138286923195266
09066362231,3.8101576600171807
just 60p,3.798891290667932
subpoly,3.7982519012477187
subpoly 81618,3.7982519012477187
81618,3.7982519012477187
index wml,3.796970540752665
tms widelive,3.796970540752665
wml,3.796970540752665
widelive com,3.796970540752665
com index,3.796970540752665
wml id,3.796970540752665
http tms,3.796970540752665
widelive,3.796970540752665
index,3.796970540752665
tms,3.796970540752665
oh,3.7887298152883586
pobox334 stockport,3.785603850889693
stockport,3.785603850889693
max10mins,3.785603850889693
09050090044,3.785603850889693
5000 await,3.785603850889693
09050090044 toclaim,3.785603850889693
pm max10mins,3.785603850889693
50 pm,3.785603850889693
stockport sk38xh,3.785603850889693
toclaim sae,3.785603850889693
toclaim,3.785603850889693
sk38xh cost,3.785603850889693
collection 09050090044,3.785603850889693
pobox334,3.785603850889693
gbp week,3.7834970218267996
records indicate,3.776665164963464
indicate,3.776665164963464
accident claim,3.776665164963464
worth discount,3.7623771640432198
yes 85023,3.7623771640432198
85023 savamob,3.7623771640432198
discount vouchers,3.7623771640432198
mobile cs,3.7623771640432198
150 worth,3.7623771640432198
ur 150,3.7623771640432198
85023,3.7623771640432198
flirt,3.7452043179809595
crazy frog,3.7420473004253996
frog,3.7420473004253996
tone txt,3.732352210927463
update,3.7230566389963333
tried make,3.7229872445720438
recently tried,3.7229872445720438
schedule ref,3.7229872445720438
make delivery,3.7229872445720438
delivery unable,3.7229872445720438
announcement recently,3.7229872445720438
150p tone,3.721061134613379
starts saturday,3.7026407677487985
male,3.6998995440650466
50 week,3.6983699965345633
reply sms,3.69346747976334
tried reply,3.69346747976334
new tone,3.6874028996800647
pobox84,3.6872002395039063
250 british,3.6867398331470205
hotels holiday,3.6867398331470205
hotels,3.6867398331470205
sw73ss,3.6867398331470205
british,3.6867398331470205
british hotels,3.6867398331470205
stay 250,3.6867398331470205
selected stay,3.6867398331470205
brought,3.6709217197158344
29,3.6639299028237255
services 08708034412,3.6566679278819976
08708034412,3.6566679278819976
87239 customer,3.6566679278819976
removal,3.6566679278819976
removal send,3.6566679278819976
just 10p,3.656376456746612
free access,3.645677644113159
news results,3.645115249850762
results daily,3.645115249850762
stop 83222,3.645115249850762
83222,3.645115249850762
msg recd,3.6377340603534862
recd,3.6377340603534862
09058094565,3.6327343017640654
87021,3.6313335134848694
goto www,3.6313273243174353
www comuk,3.6313273243174353
extra charge,3.6313273243174353
credits pls,3.6313273243174353
net login,3.6313273243174353
charge help,3.6313273243174353
pls goto,3.6313273243174353
stop extra,3.6313273243174353
comuk net,3.6313273243174353
text credits,3.6313273243174353
unsubscribe stop,3.6313273243174353
adult,3.631079624363274
mobile 11,3.62919550637913
150ppm 16,3.620467173671261
10k,3.6176859433659265
goals,3.6174667897956807
real dogging,3.6132172010357038
direct ur,3.6132172010357038
dogging locations,3.6132172010357038
uk largest,3.6132172010357038
won 900,3.6103510857132655
order ref,3.6069930292860377
ref number,3.6069930292860377
sub,3.6059207468800585
unsub stop,3.60582119303303
750 mins,3.6039501873510043
pocketbabe,3.60322734563043
pic jordan,3.60322734563043
pocketbabe uk,3.60322734563043
celeb,3.60322734563043
stop 50,3.597428331262328
followed,3.5824690736919083
free message,3.5602986688790104
secretly fancies,3.5498902797714993
datebox1282essexcm61xn 150p,3.5498902797714993
secretly,3.5498902797714993
somebody know,3.5498902797714993
landline datebox1282essexcm61xn,3.5498902797714993
know secretly,3.5498902797714993
datebox1282essexcm61xn,3.5498902797714993
fancies wanna,3.5498902797714993
guess somebody,3.5498902797714993
poly text,3.545593537989643
update latest,3.542081700758165
entitled update,3.542081700758165
mobile update,3.542081700758165
norm150p tone,3.5394935651162918
norm150p,3.5394935651162918
36504 w45wq,3.5394935651162918
w45wq,3.5394935651162918
fastest growing,3.5306307849490843
fastest,3.5306307849490843
growing,3.5306307849490843
special 09065171142,3.5267999706076574
09065171142,3.5267999706076574
stopsms,3.5267999706076574
09065171142 stopsms,3.5267999706076574
santa xmas,3.507515900686245
little ones,3.507515900686245
calling little,3.507515900686245
xmas eve,3.507515900686245
ones like,3.507515900686245
book time,3.507515900686245
like santa,3.507515900686245
santa calling,3.507515900686245
contact 900,3.506085308333671
09061702893,3.506085308333671
yesterday awaiting,3.506085308333671
collection claim,3.506085308333671
claim 09061702893,3.506085308333671
prize yesterday,3.506085308333671
line valid,3.5031430338695015
update_now,3.493553181926992
liverpool,3.4837893176937973
bears,3.4736354325053806
like,3.4512098276697896
08712460324 10p,3.4492313416120566
4txt,3.448426160569671
uk pobox,3.4462670227098138
mates www,3.4462670227098138
bx420,3.440802855631989
bx420 ip4,3.440802855631989
08715705022,3.4283104174278485
80878,3.4283104174278485
expires 26,3.4192651521421644
wk free,3.4188255638350626
w1,3.4170348028894186
18 yrs,3.408964108159225
photo upload,3.4008190752936938
upload 08718730666,3.4008190752936938
08718730666 10p,3.4008190752936938
08718730666,3.4008190752936938
later,3.3929111654394353
87575,3.3756908280401055
250 wkly,3.373597611258794
mins double,3.361873378733228
double txt,3.361873378733228
mp3,3.3380462719937625
shortly,3.335835918384376
send free,3.3343731416418274
08,3.326483463673497
text camcorder,3.325673178169398
900,3.320609890358839
08002888812,3.3098690525668593
08002888812 reply,3.3098690525668593
questions,3.3098294266638386
09061221066 fromm,3.3040183840673336
fromm landline,3.3040183840673336
delivery 28,3.3040183840673336
camera awarded,3.3040183840673336
camera 09061221066,3.3040183840673336
09061221066,3.3040183840673336
fromm,3.3040183840673336
28 days,3.3040183840673336
week txt,3.299026552491328
rental free,3.2982540054643774
1000s,3.2972709611278974
free delivery,3.293711647123797
cust,3.2903935079527167
cust care,3.2903935079527167
subscriber ur,3.272027376102124
ur draw,3.272027376102124
min bt,3.2692425581226994
dear ve,3.2690399401366554
ans 80062,3.265637610368493
complimentary tenerife,3.2651071334363104
cs box,3.2651071334363104
holiday 1000,3.2630489504206523
lux,3.2630489504206523
complimentary lux,3.2630489504206523
txttowin uk,3.257879077970441
win 80086,3.257879077970441
txttowin,3.257879077970441
www txttowin,3.257879077970441
80086,3.257879077970441
word win,3.257879077970441
80086 18,3.257879077970441
08000776320,3.2534364169370003
08000776320 reply,3.2534364169370003
week 08000776320,3.2534364169370003
pics,3.249658407912443
supply,3.2285175437882305
supply cds,3.2285175437882305
reference,3.2278388565203393
www textcomp,3.2053758942951163
textcomp com,3.2053758942951163
word enter,3.2053758942951163
code k52,3.1980694952898667
k52,3.1980694952898667
k52 valid,3.1980694952898667
expires 06,3.1739274626631286
lol,3.168734560689787
valued customer,3.1473968390919156
awarded 1500,3.1473968390919156
1500 bonus,3.1473968390919156
1500,3.1473968390919156
recent review,3.1473968390919156
recent,3.1473968390919156
pleased advise,3.1473968390919156
following recent,3.1473968390919156
customer pleased,3.1473968390919156
advise following,3.1473968390919156
review mob,3.1473968390919156
mob awarded,3.1473968390919156
bonus prize,3.1473968390919156
advise,3.1473968390919156
did,3.1448745526204007
16 remove,3.138792092948029
doing,3.1233769233840163
goto,3.1228916220791847
friend won,3.1226822918691934
congratulations thanks,3.1226822918691934
good friend,3.1226822918691934
000 xmas,3.1226822918691934
ur fone,3.1124294756976543
gift guaranteed,3.111635033254654
want 750,3.0829628730414407
text new,3.0829628730414407
phone pounds,3.0829628730414407
offer video,3.0656839095976482
apply opt,3.0463938494579437
phone upgrade,3.0463938494579437
153,3.0463938494579437
upgrade loyalty,3.0463938494579437
orange customer,3.0463938494579437
upgrade,3.0463938494579437
loyalty 0207,3.0463938494579437
customer claim,3.0463938494579437
0207 153,3.0463938494579437
02 09,3.0457968501201833
0871 872,3.0457968501201833
09 03,3.0457968501201833
872,3.0457968501201833
services 09065989182,3.0451615624430506
09065989182,3.0451615624430506
x49,3.0451615624430506
number x49,3.0451615624430506
x49 mobile,3.0451615624430506
live,3.031815093325187
bonus points,3.0149535914571217
private 2004,3.0149535914571217
code 45239,3.0149535914571217
unredeemed bonus,3.0149535914571217
45239,3.0149535914571217
45239 expires,3.0149535914571217
news,3.001769657941356
fancy,2.996747892341177
150 ppm,2.9911750794220904
phone 750,2.9897945072970358
yeah,2.9819047458227796
pc http,2.9817778936277506
www tlp,2.9817778936277506
offer pc,2.9817778936277506
claim weeks,2.9817778936277506
tlp uk,2.9817778936277506
tlp,2.9817778936277506
weeks offer,2.9817778936277506
lines close,2.9810192658714265
award 08712402050,2.9810192658714265
cost 10ppm,2.9810192658714265
close cost,2.9810192658714265
10ppm,2.9810192658714265
ag promo,2.9810192658714265
lines,2.9810192658714265
08712402050,2.9810192658714265
promo,2.9810192658714265
08712402050 lines,2.9810192658714265
apply ag,2.9810192658714265
16 cs,2.9810192658714265
10ppm 16,2.9810192658714265
ag,2.9810192658714265
rental camcorder,2.977117864635523
bluetooth free,2.9734432642202453
txts orange,2.9734432642202453
nokia bluetooth,2.9734432642202453
1000 txts,2.9734432642202453
urgent important,2.9717529266603067
day log,2.9717529266603067
user today,2.9717529266603067
69888,2.955397370011114
good,2.9442442457608804
newest harry,2.944137642107377
harry answer,2.944137642107377
harry potter,2.944137642107377
chance readers,2.944137642107377
book reply,2.944137642107377
answer questions,2.944137642107377
order phoenix,2.944137642107377
potter,2.944137642107377
potter order,2.944137642107377
phoenix,2.944137642107377
phoenix book,2.944137642107377
win newest,2.944137642107377
readers,2.944137642107377
questions chance,2.944137642107377
reply harry,2.944137642107377
collection cs,2.93675136233816
09061213237,2.93675136233816
09061213237 landline,2.93675136233816
m227xy,2.93675136233816
sae po,2.93675136233816
177,2.93675136233816
urgent 09061213237,2.93675136233816
holiday await,2.93675136233816
177 m227xy,2.93675136233816
cs sae,2.93675136233816
landline 5000,2.93675136233816
box 177,2.93675136233816
granite issues,2.9357843423195216
buy explosive,2.9357843423195216
symbol cdgt,2.9357843423195216
granite,2.9357843423195216
issues strong,2.9357843423195216
pick members,2.9357843423195216
bank granite,2.9357843423195216
explosive pick,2.9357843423195216
explosive,2.9357843423195216
nasdaq,2.9357843423195216
nasdaq symbol,2.9357843423195216
cdgt 00,2.9357843423195216
strong buy,2.9357843423195216
300 nasdaq,2.9357843423195216
members 300,2.9357843423195216
cdgt,2.9357843423195216
wat,2.9324418002328625
ladies,2.930113103674182
ldn 18,2.9250382330704277
norm,2.9242594511743736
offer latest,2.918600141100352
orange mobileupd8,2.918600141100352
1000 txt,2.918600141100352
txt orange,2.918600141100352
xmas offer,2.918600141100352
ldn 18yrs,2.903020028552808
18yrs,2.903020028552808
09066612661,2.9013304453162023
09066612661 landline,2.9013304453162023
urgent 09066612661,2.9013304453162023
join uks,2.8967068121867694
live fantasies,2.893380807988062
hot live,2.893380807988062
08707509020,2.8826040715870453
08707509020 just,2.8826040715870453
way,2.88026296991072
16 stop,2.861788019636512
subscribe6gbp mnth,2.861788019636512
subscribe6gbp,2.861788019636512
mnth 3hrs,2.861788019636512
use phone,2.861788019636512
phone subscribe6gbp,2.861788019636512
reward hours,2.861788019636512
3hrs,2.861788019636512
3hrs 16,2.861788019636512
claim reward,2.861788019636512
86888 claim,2.861788019636512
86888,2.861788019636512
hours talk,2.861788019636512
txtstop,2.861788019636512
mnth,2.861788019636512
txt 86888,2.861788019636512
stop txtstop,2.861788019636512
0870 national,2.8546908553111514
2stoptxt,2.849172806188819
08000839402 2stoptxt,2.849172806188819
rcvd custcare,2.840634472867234
83600 150p,2.840634472867234
special win,2.840634472867234
trip lifetime,2.840634472867234
partner trip,2.840634472867234
win 1000,2.840634472867234
1000 quiz,2.840634472867234
lifetime send,2.840634472867234
custcare 08718720201,2.840634472867234
day special,2.840634472867234
send 83600,2.840634472867234
quiz partner,2.840634472867234
custcare 08712405022,2.833497188724022
08712405022,2.833497188724022
action 80608,2.833497188724022
08712405022 1x150p,2.833497188724022
www movietrivia,2.833497188724022
movietrivia,2.833497188724022
80608 www,2.833497188724022
txt action,2.833497188724022
80608,2.833497188724022
tv custcare,2.833497188724022
movietrivia tv,2.833497188724022
xmas iscoming,2.8299939018895905
tnc,2.8299939018895905
iscoming,2.8299939018895905
iscoming ur,2.8299939018895905
87066 tnc,2.8299939018895905
07xxxxxxxxx won,2.818554952287245
09066362231 asap,2.818554952287245
mobile 07xxxxxxxxx,2.818554952287245
reach 09066362231,2.818554952287245
think,2.817830733559341
deliveredtomorrow 300,2.8099061471001696
deliveredtomorrow,2.8099061471001696
texts free,2.8099061471001696
300 free,2.8099061471001696
phone deliveredtomorrow,2.8099061471001696
125gift guaranteed,2.802950762292722
125gift,2.802950762292722
guaranteed free,2.802950762292722
cd vouchers,2.802950762292722
vouchers 125gift,2.802950762292722
500 new,2.801859197073366
ldew com,2.7999634667260693
5p,2.797415340523597
future,2.7968591516024697
mtmsg18 txtauction,2.792418324117113
ansr,2.789532013910836
dvd player,2.789532013910836
quiz wkly,2.789532013910836
player know,2.789532013910836
82277 50,2.789532013910836
wkly win,2.789532013910836
txt ansr,2.789532013910836
know country,2.789532013910836
ansr 82277,2.789532013910836
sp tyrone,2.789532013910836
50 sp,2.789532013910836
tyrone,2.789532013910836
win sony,2.789532013910836
auction brand,2.7891220483431325
today auction,2.7891220483431325
auction free,2.7891220483431325
7250,2.7891220483431325
nokia 86021,2.7891220483431325
86021,2.7891220483431325
nokia 7250,2.7891220483431325
sms auction,2.7891220483431325
7250 auction,2.7891220483431325
join txt,2.7891220483431325
auction today,2.7891220483431325
love,2.78231997614286
3100 standard,2.7819663726191566
3100,2.7819663726191566
code 3100,2.7819663726191566
receive search,2.7455005334914206
89693,2.7455005334914206
free receive,2.7455005334914206
textbuddy chat,2.7455005334914206
postcode gaytextbuddy,2.7455005334914206
chat horny,2.7455005334914206
guys ur,2.7455005334914206
gaytextbuddy,2.7455005334914206
gaytextbuddy com,2.7455005334914206
search postcode,2.7455005334914206
textbuddy,2.7455005334914206
txt 89693,2.7455005334914206
area just,2.7455005334914206
25p free,2.7455005334914206
new textbuddy,2.7455005334914206
horny guys,2.7455005334914206
award match,2.7429080290487544
ctxt tc,2.7371088449437924
nokia6650,2.7371088449437924
nokia6650 mobile,2.7371088449437924
new nokia6650,2.7371088449437924
ctxt,2.7371088449437924
150p mtmsg,2.7371088449437924
4t ctxt,2.7371088449437924
tc 150p,2.7371088449437924
mtmsg,2.7371088449437924
11mths update,2.731506391948173
oranges,2.731506391948173
oranges latest,2.731506391948173
camera mobiles,2.731506391948173
free oranges,2.731506391948173
freefone 08000839402,2.731506391948173
mobile upd8,2.731506391948173
unlimited weekend,2.731506391948173
upd8,2.731506391948173
weekend calls,2.731506391948173
upd8 freefone,2.731506391948173
freefone,2.731506391948173
calls mobile,2.731506391948173
mobiles unlimited,2.731506391948173
0844,2.7258820943133575
85 85,2.7258820943133575
minute fixed,2.7258820943133575
0844 861,2.7258820943133575
861,2.7258820943133575
access number,2.7258820943133575
prepayment direct,2.7258820943133575
prepayment,2.7258820943133575
direct access,2.7258820943133575
number 0844,2.7258820943133575
germany pence,2.7258820943133575
861 85,2.7258820943133575
pence minute,2.7258820943133575
85 prepayment,2.7258820943133575
fixed line,2.7258820943133575
line access,2.7258820943133575
11mths mobilesdirect,2.725088739951439
4mths half,2.725088739951439
4mths,2.725088739951439
08000938767,2.725088739951439
free phone,2.725088739951439
update or2stoptxt,2.725088739951439
rental latest,2.725088739951439
08000938767 update,2.725088739951439
or2stoptxt,2.725088739951439
phone 11mths,2.725088739951439
mobilesdirect free,2.725088739951439
mobilesdirect,2.725088739951439
free 08000938767,2.725088739951439
ibiza,2.7113154733759073
sk3 8wp,2.7113154733759073
sk3,2.7113154733759073
434 sk3,2.7113154733759073
8wp,2.7113154733759073
box 434,2.7113154733759073
complimentary ibiza,2.7113154733759073
ibiza holiday,2.7113154733759073
need help,2.698593106518273
ibhltd ldnw15h,2.6974912663275465
ldnw15h 150p,2.6974912663275465
ibhltd,2.6974912663275465
guaranteed latest,2.6974912663275465
150p mtmsgrcvd18,2.6974912663275465
ldnw15h,2.6974912663275465
83355 ibhltd,2.6974912663275465
awarded city,2.6956482737346605
break win,2.6956482737346605
200 summer,2.6956482737346605
skilgme tscs087147403231winawk,2.6956482737346605
city break,2.6956482737346605
txt store,2.6956482737346605
age16 50perwksub,2.6956482737346605
summer shopping,2.6956482737346605
50perwksub,2.6956482737346605
tscs087147403231winawk age16,2.6956482737346605
tscs087147403231winawk,2.6956482737346605
spree wk,2.6956482737346605
ask,2.693491725166899
landline tcs,2.6848528847791178
sae box326,2.6848528847791178
cw25wx 150ppm,2.6848528847791178
dave final,2.6848528847791178
notice collect,2.6848528847791178
dear dave,2.6848528847791178
tcs sae,2.6848528847791178
award 09061743806,2.6848528847791178
09061743806 landline,2.6848528847791178
final notice,2.6848528847791178
box326,2.6848528847791178
box326 cw25wx,2.6848528847791178
09061743806,2.6848528847791178
collect tenerife,2.6848528847791178
cash award,2.6848528847791178
txtin tell,2.6829434688265947
friends 150p,2.6829434688265947
16 reply,2.6829434688265947
hl 4info,2.6829434688265947
free txtin,2.6829434688265947
txtin,2.6829434688265947
tone free,2.6829434688265947
1st tone,2.6829434688265947
4info,2.6829434688265947
max,2.658638825448278
87066 tscs,2.6483736071554036
draw 87066,2.6483736071554036
starting txt,2.6483736071554036
com skillgame,2.6483736071554036
age16 150ppermesssubscription,2.6483736071554036
1winaweek,2.6483736071554036
tscs,2.6483736071554036
1winaweek age16,2.6483736071554036
tscs www,2.6483736071554036
100 music,2.6483736071554036
vouchers week,2.6483736071554036
skillgame,2.6483736071554036
skillgame 1winaweek,2.6483736071554036
word draw,2.6483736071554036
music gift,2.6483736071554036
150ppermesssubscription,2.6483736071554036
69696,2.6377980419023497
3lp 50,2.6377980419023497
network txt,2.6377980419023497
69696 nyt,2.6377980419023497
mobile join,2.6377980419023497
sorry,2.6329549655710425
08718720201 hg,2.631972214979338
daily,2.6250843031257673
chance claim,2.6039441919628223
term,2.587876346466165
tc pobox334,2.5716332156180672
sae tc,2.5716332156180672
dont miss,2.5705726318685933
forwarded,2.566068463566951
send,2.563537257701235
games dload,2.562541139594315
videophones 09063458130,2.562541139594315
java,2.562541139594315
noline rentl,2.562541139594315
music noline,2.562541139594315
noline,2.562541139594315
dload,2.562541139594315
dload polyph,2.562541139594315
play java,2.562541139594315
congrats mobile,2.562541139594315
polyph music,2.562541139594315
09063458130,2.562541139594315
09063458130 videochat,2.562541139594315
polyph,2.562541139594315
mobile 3g,2.562541139594315
java games,2.562541139594315
videophones,2.562541139594315
videochat,2.562541139594315
3g videophones,2.562541139594315
videochat wid,2.562541139594315
rentl,2.562541139594315
mates play,2.562541139594315
really,2.5604803050087033
week entry,2.5540826467236615
entry textpod,2.5540826467236615
win 40gb,2.5540826467236615
www textpod,2.5540826467236615
textpod net,2.5540826467236615
ipod 250,2.5540826467236615
textpod chance,2.5540826467236615
net custcare,2.5540826467236615
photo,2.550656560925831
lions,2.5437345826398463
lions england,2.5437345826398463
england tone,2.5437345826398463
mono lionp,2.5437345826398463
poly www,2.5437345826398463
lionp poly,2.5437345826398463
lionm,2.5437345826398463
reply lionm,2.5437345826398463
lionp,2.5437345826398463
lionm mono,2.5437345826398463
sub 16,2.537195088179117
08717898035,2.537195088179117
08717898035 00,2.537195088179117
cs 08717898035,2.537195088179117
00 sub,2.537195088179117
vouchers text,2.537195088179117
biggest,2.526435824716909
100 txts,2.520742642462601
12 mths,2.520742642462601
rental 12,2.520742642462601
674,2.520742642462601
mins 100,2.520742642462601
free video,2.520742642462601
phones half,2.520742642462601
txts mobileupd8,2.520742642462601
call2optout 674,2.520742642462601
500 cross,2.520742642462601
mths 500,2.520742642462601
sms services,2.518603867122869
services inclusive,2.518603867122869
inclusive text,2.518603867122869
ec2a 31p,2.5004996496092935
laid tonight,2.5004996496092935
mob join,2.5004996496092935
want laid,2.5004996496092935
31p msg,2.5004996496092935
31p,2.5004996496092935
don,2.4995597556351745
condition,2.4560877628597804
w45wq norm150p,2.4272139356741227
purchase,2.418899380546615
sure,2.405454394963506
08702840625 comuk,2.4005709528685206
login 3qxj9,2.4005709528685206
08702840625,2.4005709528685206
help 08702840625,2.4005709528685206
220,2.4005709528685206
220 cm2,2.4005709528685206
3qxj9,2.4005709528685206
3qxj9 unsubscribe,2.4005709528685206
cm2,2.4005709528685206
9ae,2.4005709528685206
cm2 9ae,2.4005709528685206
comuk 220,2.4005709528685206
breath,2.3943455234130755
registered,2.389956205471497
day,2.3636407980104597
said,2.345014613907578
answer,2.3325409153255277
nokia 8007,2.3306090856479527
8007 txting,2.3306090856479527
hey,2.319247515779545
know,2.3124311649190257
london,2.3122608346246674
ordered,2.3101702120524354
cross,2.3062947806544707
exciting,2.303094570595286
waiting,2.2822298967463435
sony,2.249183754796184
polys zed,2.2342161390898543
mob tell,2.2342161390898543
alfie moon,2.2342161390898543
song ur,2.2342161390898543
ur m8s,2.2342161390898543
charity polys,2.2342161390898543
alfie,2.2342161390898543
poly charity,2.2342161390898543
charity 8007,2.2342161390898543
nokias poly,2.2342161390898543
m8s txt,2.2342161390898543
m8s,2.2342161390898543
08701417012 profit,2.2342161390898543
zed 08701417012,2.2342161390898543
need song,2.2342161390898543
08701417012,2.2342161390898543
8007 nokias,2.2342161390898543
children need,2.2342161390898543
nokias,2.2342161390898543
tone charity,2.2342161390898543
txt tone,2.2342161390898543
moon children,2.2342161390898543
profit charity,2.2342161390898543
review,2.2187301183139114
coming,2.215134153614726
work,2.188467477353971
weeks,2.176609391667459
hot,2.1579937774793687
hardcore,2.1531965071500845
ans,2.1349916810158165
gonna,2.132003444979849
fine,2.0986005925185984
say,2.0924597865516468
charge,2.0915254313518092
community,2.063095125239964
sky,2.059822864868507
cos,2.0445074304185624
brand,2.0433804398110205
b4,2.023664992970315
morning,2.021998711014644
pound,2.0085351463945575
yup,1.9547396485897657
amazing,1.9372585493611547
pick,1.9276292734477383
tell,1.9243258431582855
play,1.9236552244897878
20,1.9094364192301636
need,1.9041547386048798
match,1.9003900068406732
format,1.8882319233834572
text word,1.8821244316496495
truly,1.877223533290038
haha,1.8685427173244948
accident,1.866131923216395
phone,1.8642989885513157
special,1.8455907038683188
told,1.840396392338924
team,1.805508254809622
feel,1.7966474234084784
didn,1.789071127718107
thing,1.7770868991730784
tonight,1.769778641224279
notice,1.7599008523791861
happy,1.749095913266431
official,1.7249327955163323
dont,1.7148510460835544
numbers,1.7134188708808764
meeting,1.7086178370834284
ya,1.6898915725492045
police,1.6888564652526967
date,1.6848621282955643
cha,1.674689654135859
room,1.6742431316390511
hope,1.6696922188147822
job,1.6613402045435384
sleep,1.653905230999588
pa,1.6491399713876995
princess,1.644816613720226
luck,1.6394423211339606
car,1.6391020409415802
just send,1.638294803247345
lunch,1.6347314424289316
visit,1.6309915187436075
problem,1.6158369122722138
dun,1.6145705610287624
went,1.6111924772091915
new mobile,1.6080592401484426
26,1.6064448548058925
text free,1.6060804615685378
remember,1.5977263623450852
finish,1.5952842167430947
nice,1.5932885531563026
lucky,1.592494196872126
enjoy,1.5906758153779739
thk,1.5770982720804547
lar,1.567589143748083
dinner,1.5460971020561614
weekends,1.54415154495159
long,1.537907090112627
wan,1.5318299697660442
probably,1.5309270056549988
log,1.5230484109461395
right,1.518726935763752
bit,1.5078650324766971
pass,1.4991718852700053
aight,1.4881731274118233
thanks good,1.4849813184526799
sam,1.4657656141316673
okay,1.4533458265778998
symbol,1.4507150890631624
claire,1.4473632232854445
thanx,1.4452167306795674
amp,1.4408261711111163
discount,1.4388451072751063
having,1.4307779299316903
let,1.4147487716311387
smart,1.4146574528822573
wont,1.4133914154068392
late,1.410652641105641
class,1.410341501379123
dates,1.3989824501672359
thats,1.3863730089051682
help,1.3823868792103935
thought,1.3812929362659805
11,1.3805048331327483
lot,1.374821521605018
ah,1.3570224690353556
eat,1.3506834351242993
items,1.3503655993185593
activate,1.3497538515631742
watching,1.3479581962302132
faster,1.34325613648295
crazy,1.3400927056636465
wrote,1.336885791002209
working,1.3346635924401853
gud,1.3334725742125997
shall,1.3231981491836582
energy,1.3203472576776534
minute,1.3149238704477664
shit,1.3085187634795954
jus,1.3030658952207461
rude,1.3004578704878276
early,1.2982397147067137
tour,1.2974706291566875
sing,1.2869812803683405
gr8,1.2859008581808704
let know,1.2758413999470966
chatting,1.274591554312252
wait,1.2743046817686545
plan,1.2709034020450212
sale,1.2639069034032155
original,1.2552427858688817
leave,1.2426700161467212
helen,1.2390958865858461
bed,1.2351866553084951
bus,1.2318538262248055
renewal,1.2309563875016405
watch,1.2308913732116207
message just,1.2182008262297994
god,1.2140417492073272
fuck,1.2025478115399517
night,1.1962537329031921
nokia phone,1.1900291155199891
lei,1.185830344741642
select,1.183727748351268
ends,1.1690527170595453
today,1.1643110247490887
films,1.1587201969120566
store,1.1575244871069872
tmr,1.1556788653579786
liao,1.152994756613143
time,1.1498940216613733
thousands,1.1484302410999314
charges,1.136506392929029
dunno,1.1349493948232543
tons,1.1317344662216697
left,1.129699218925666
invited,1.1291407667414195
ok lor,1.123977935312105
mail,1.121518213475153
sept,1.1180047023207078
look,1.1115859950394913
pls,1.1113540902027297
dave,1.1099618373791382
ill,1.1007526678294113
pain,1.0981000738331235
hour,1.0978231929135347
mths,1.0944625553942529
actually,1.0866697472343232
pay,1.0819609015616254
receipt,1.072369586091803
kick,1.0719844206063411
wif,1.06069863469322
dad,1.0603609361485222
shy,1.0594154271788354
forgot,1.053263020699276
real,1.0510023466266891
guy,1.0484193415441576
current,1.0478843396615731
beg,1.0478205977548969
happen,1.0417785722245079
game,1.0417528715433184
alright,1.0365362269728382
food,1.0298948192548258
leh,1.0281252617786563
potential,1.0237066641484354
failed,1.0202254633580095
didnt,1.019857976807638
frnd,1.0180173406548905
divorce,1.0133393219053617
xxx,1.0061265890071016
2morow,0.9986597390930652
quite,0.9954725906275103
drive,0.9944094402247716
meet greet,0.9942202308154603
subs,0.9924709974820338
password,0.9918860714784483
le,0.9899427907240407
mum,0.9894941680303196
dark,0.9855527993318189
dude,0.9855168001448633
head,0.9826691073689788
world,0.9825479220392941
goal,0.9775630596299647
rply,0.975528408308012
havent,0.972495095006696
dat,0.9716181509377418
cup,0.9611665133013907
called,0.9592287744412779
says,0.953764199455823
things,0.9482909251773307
change,0.948126155889616
nasty,0.946764765867632
low,0.9462476432145137
house,0.9455197611286066
important,0.9450866617906465
til,0.9450607960989912
test,0.9404413440012014
goin,0.939467492521588
talking,0.9384502626699828
contract,0.9341324804045367
thinking,0.9280972944643946
huh,0.9271130331996309
mean,0.9268329736483768
good morning,0.925963025683293
lifetime,0.92234115971735
easy,0.9203093851166936
wake,0.9188189156297856
means,0.9160183928499617
making,0.9126214043108911
stuff,0.9083418106293509
results,0.9068817822391303
meal,0.905426579729563
career,0.8993111770880483
noe,0.8971191005423743
thank,0.8949929749229301
stars,0.891341537876765
dont know,0.8908829927718441
saw,0.8902404610742799
stay night,0.885944977211732
simply,0.8849071829239309
buy,0.8827614447479696
juz,0.8806505276806206
town,0.8799628522218087
abt,0.8772782084351591
time use,0.877007777891008
soon,0.8758463516872159
sleeping,0.8747295354935778
created,0.8740725435529672
half,0.871840834294115
flirting,0.8642931283477232
want,0.8635838279825022
school,0.8620517655845017
bring,0.8614813777196091
yrs,0.8599545988371864
worry,0.8596335331954036
vid,0.8553690013727233
started,0.8545448244203327
ur lover,0.8484192830104771
superb,0.8480930244445364
oredi,0.8461940459551106
times,0.8414151392680022
oso,0.8404148518360001
haf,0.8403336039339622
picture,0.8368950985230834
enjoyed,0.8368478521945247
hope enjoyed,0.8368478521945247
like did,0.8363235419381817
online,0.8356878058472992
better,0.8354341800251893
nite,0.8326448790833022
shot,0.8250421960712193
cool,0.8245279410649489
quality,0.8233221321419931
den,0.8220186441119297
sweet,0.8195519582671852
pretty,0.8184862609026008
person,0.818485770975254
tomo,0.8158260334066546
happened,0.811639824892332
tonight want,0.8103327684402684
nope,0.8085135592851875
im,0.8081201212388871
collected,0.8075220956927979
kiss,0.8073186144041654
opinions,0.806586096511671
2nite,0.8057312829465161
app,0.8056601330175366
night just,0.8052733884977675
finished,0.8052539280184379
saying,0.8052355815864364
upload,0.8025478827237813
awesome,0.8020364488277355
wonderful,0.7957866589627121
hurt,0.7948114971880469
sis,0.7909144887128716
goes,0.7905121098115955
calling,0.7873301430334159
wil,0.7872793413790761
txt xxx,0.7845799608201283
walk,0.7834515822154612
words,0.7817901703666319
miss,0.7816957653920934
ard,0.7805393703692358
gt min,0.776209877114925
remove,0.775397556971897
family,0.7751648838331328
treat,0.7748860957826342
gold,0.7737204837038684
rite,0.7715407518896075
loving,0.7697457459610086
membership,0.7693261649689955
borin,0.7660506703834364
getting,0.7655069635205191
chikku,0.764027974168546
sex,0.7634549437773241
cancel,0.760517709822947
jay,0.7582606060036894
fall love,0.7554567043037517
repeat,0.7551158986551358
comin,0.752054324544663
saturday,0.7504107196595461
tho,0.7482558364678449
credited,0.7473077953308
previous,0.7462201550072679
wat time,0.7454591891680399
cause,0.743560404049308
leaving,0.7414687271007063
scores,0.7407683915371531
login,0.7357153989579508
eye,0.7354569767496673
worlds,0.7321832901274689
added,0.7313976676725745
mom,0.7281042737264849
face,0.7278401405227509
removed,0.7269363380239927
sch,0.7261285632676431
sad,0.7259258705352414
zoe,0.7253502011467027
realize,0.7250617085960946
yo,0.7248011040859174
care,0.7224863417679266
hair,0.7214783180590162
pls reply,0.7198430734134735
smile,0.719518181931115
mth,0.7189436940525595
carlos,0.7179490949329488
time wanna,0.7177666166620053
mind,0.7171986342099768
babes,0.7162535590189586
outside,0.7128555789447099
capital,0.7101833602037928
fucking,0.703659625746435
gym,0.70305224405689
okie,0.7024158593234028
snow,0.7019295679799982
yep,0.6976857746955571
beware,0.6974578687521664
big,0.6966202310464609
took,0.6937487969979165
earlier,0.6913666511231619
spanish,0.6906840701877889
drink,0.6836184670167794
lonely,0.6825144058822561
able,0.6813989205625312
loans,0.6812985067931693
yar,0.6792377130255373
goodmorning,0.6783302004079377
got video,0.6780284590315417
extra,0.6764094932002365
hmm,0.6762686179918692
baby,0.6723985071305472
project,0.6704111976350702
pix,0.670331555620642
married,0.6688466299353774
point,0.6676203074829667
afternoon,0.6660051666669266
monthly,0.663818452509265
pleased,0.6636999722146228
course,0.6636830578239846
fr,0.6629904222694316
wanna cum,0.6623423431842403
like lt,0.6600033347299429
party,0.6560710733377427
hi,0.653124794906023
question,0.6503495147231675
register,0.6484647193974743
new year,0.6473521478584979
meet,0.6466726050251614
boytoy,0.6456692315032492
week new,0.6456592167017455
thinkin,0.6451983567520289
wasn,0.6450726277347306
wanna chat,0.6435267069771656
couple,0.6432455212211206
hockey,0.6419994440528318
kind,0.6402791602811368
gone,0.6393553817386368
decided,0.6365308750161
soiree,0.6333967872513094
sir,0.6332773811704991
sister,0.6323792495252873
doesn,0.6310457770697633
second,0.629717543104305
meant,0.6285242476131474
far,0.6260399811350166
monday,0.6253512710885236
straight,0.625255955277037
seeing,0.6252284637618835
ll text,0.6217737306840323
run,0.6216666265823754
pg,0.6213878487250717
laptop,0.6213195139071459
wine,0.6203693779484516
plz,0.6195009742865787
shower,0.6164531818777519
requests,0.614161793675151
telling,0.6134534954147233
film,0.610855880257228
seen,0.6100422358377263
wat doing,0.6090915664276806
great day,0.6081608732227254
correct,0.6078526753810722
9pm,0.6071228301458088
like fun,0.6062619808804277
beautiful,0.6049917597496782
study,0.6048169123591658
bad,0.6019706904775723
boy,0.6017896580501327
aft,0.6003890680027149
picked,0.5993818132060126
smoke,0.5988560070118382
girls,0.5937460012496274
suzy,0.5917886608742073
lmao,0.5909741181826405
asking,0.5903316691240779
havin,0.5890595092085622
tot,0.5887062424767884
starting,0.5886814859615562
hows,0.5881015822984522
blow,0.587688274837499
sun,0.5856699902823008
end,0.5847358508419602
different,0.5843957448323286
college,0.5831436658344551
prob,0.5824189061376321
nah,0.5810102443239065
unable,0.5810098108157474
med,0.5808965459050035
hmmm,0.580153644613233
set,0.5792645464364999
swing,0.5777126474942426
don miss,0.57634573159879
wrong,0.5762841767268116
usf,0.574603082879732
link sent,0.5739404952503241
great,0.5718360757181632
supposed,0.5704078069713681
smashed,0.5685370892006576
haven,0.5678982949973632
water,0.567535067122082
wen,0.5662603615274867
chennai,0.5652553497193102
orchard,0.5634427961262528
tomorrow,0.5634286514273
weed,0.563074569180402
cm,0.5619811850997596
gets,0.5612063504947294
gotta,0.5597735888287689
lesson,0.5579425062337692
hold,0.5576513655972575
life,0.5564315439207582
mini,0.5558541316830463
sat night,0.5538077609073209
phone click,0.5533107846746212
suite,0.5531484386089407
noon,0.552954166475906
facebook,0.5521494763702245
knw,0.5507518273013878
wish,0.5499437987442872
30,0.5496018630138669
exam,0.5488062477603347
computer,0.5474648742643324
pre,0.5466991870731677
oz,0.545232610778349
colours,0.54440693801061
decimal,0.5442257585652256
ugh,0.543720043317693
feelin,0.5431454335282747
near,0.5423677295985427
tired,0.5421893310089139
9am,0.5414039823320946
names,0.5407120140407163
plans,0.5405629952878833
mu,0.5395103988601627
ago,0.5395033108433359
mm,0.5363614741536058
angry,0.5348399410558352
players,0.5343153945285464
coz,0.5337777653389426
8th,0.5316485053612092
needs,0.5312984998381743
lovely,0.5303403345263973
good day,0.5297231091863281
quick,0.5271733729721245
did time,0.5270719866277639
randomly,0.5267647042644011
understand,0.526729892037956
training,0.526017377410845
sup,0.5252264438288987
missing,0.5243662352935543
drugs,0.5243539289863246
come home,0.5221408470588099
cornwall,0.5208671923448847
tampa,0.5200868922764362
reply free,0.5200165451680818
karaoke,0.5197524905012546
doctor,0.5180961139778002
yo yo,0.5179244064443036
safe,0.517319084727412
hot sticky,0.5158423702449055
sticky,0.5158423702449055
eh,0.5157127621225377
birthday,0.5156481824316099
meh,0.5154648896235565
makes,0.5141807487497542
luxury,0.5129948894033292
lemme,0.5113877100916528
lemme know,0.5113877100916528
march,0.5113627243975011
europe,0.5103563286929038
reaching,0.5075750781545277
aha,0.5058905046877648
good night,0.5057286463686631
daddy,0.5050364862542237
center,0.5045070109881764
want come,0.5026096847500069
workin,0.5018685600816357
ll later,0.5015800609984064
gd,0.5010864379748712
neva,0.5005431976090342
loan,0.5003110616773652
semester,0.49989521907247525
2wks,0.4996198844033254
happy new,0.4975122711055653
wit,0.49596679046785824
trust,0.49563370964095427
smiling,0.4954827166238966
slept,0.495161916593012
rec,0.49424441885932174
sign,0.49355484810049605
uncle,0.4925913499004383
bath,0.4878724287252692
bb,0.4869880342041621
does,0.4859898006428502
mate,0.4854669876173402
isn,0.48522404750974146
trying,0.48340708814035643
write,0.483062711141793
happening,0.4825389928165928
office,0.4821810958857282
studying,0.4820481807562345
hav,0.48199325920737823
buying,0.4815653990341271
book,0.48150782079001975
booked,0.47993415590590804
virgin,0.478430987253895
error,0.47829379730616356
darlin,0.4779936213297587
gas,0.47729014875640435
follow,0.4763300824651888
awake,0.4761110218029716
sick,0.47578340713944184
msgs,0.4753266437546846
12,0.47444252472617837
don know,0.4742020111294044
profit,0.47365630372935913
reminder,0.4734031927339035
decimal gt,0.4718490644609213
lt decimal,0.4718490644609213
title,0.4692513422507806
small,0.46922523826016943
pm,0.4683164461077808
going home,0.46800562688061137
22,0.46752070348371666
ill send,0.46544572043838567
tonite,0.4654182147992957
ni8,0.46464870994201923
2day,0.4633396360756603
pls send,0.4632852902246991
na,0.4630867753613211
reached,0.46191903596971323
figure,0.4599765354683788
ha,0.4599433703799932
mon,0.459793892013009
campus,0.45976572385092707
love life,0.4584047615291221
funky,0.4578889681227278
dreams,0.45547165909122095
ur phone,0.45457453640815637
kate,0.4538643599484474
pink,0.4522606968284377
smth,0.45197808792613825
pray,0.45165282649487815
available,0.4511672246032744
years eve,0.4488734701134891
appreciate,0.44789775996431047
friendship,0.44382927234192854
afraid,0.4426489483262417
spend,0.4423345114934674
xy,0.4422020027096914
crave,0.4402825782290261
case,0.43931814826053517
excuse,0.4386737372592618
woke,0.4383544327097715
text meet,0.43815091272285944
surely,0.43800357073986235
cruise,0.43771003507880485
idea,0.43718018533047237
paper,0.43708571459770756
21st,0.43637750823955235
goodnight,0.435559574299932
babe im,0.4353526187915827
mayb,0.43503527539908116
schedule,0.43420325092883594
wks,0.4340956150718916
send pics,0.4331759191218904
hope like,0.43277170283737837
teach,0.43268166551827675
busy,0.4326214846121846
lessons,0.4322076840517955
alex,0.43187855515367446
3g,0.43130371238200726
hi babe,0.4308535122076053
dint,0.43073154599320734
nigeria,0.4303084379842433
going sleep,0.430132583064247
wondering,0.42848735242817987
mah,0.42812881180174145
lose,0.42786306689121056
urself,0.426732726929717
sec,0.42540759907047254
reason,0.4242910355019465
instead,0.4242280051629696
anymore,0.42373624796994064
ve got,0.4233970958441858
gud ni8,0.4226499900962051
bathe,0.42217917010259143
hook,0.42203561856712823
checking,0.42169334031001265
movie,0.42166967519482357
picking,0.4211416465213619
dun wan,0.42099660820890716
wiv,0.4196914194935389
thats cool,0.4196256093682332
cbe,0.41917609695048363
omg,0.4189973153775672
doesnt,0.41851588438619436
sitting,0.41796549627749435
tht,0.41778012567106293
mark,0.4152066541385147
bringing,0.4144484970842638
promise,0.41416517855916923
think ur,0.4140451124963662
mystery,0.4137756584051172
omw,0.4136718615698751
planning,0.4132995665033142
wanted,0.41311179228780454
ass,0.4125533563326099
mrt,0.41250466730622487
catch,0.41235741118146435
fat,0.41151043261972486
staying,0.4104977519786698
plenty,0.41022572918501476
timing,0.4100788566387296
xxxxx,0.4088351337485054
wana,0.408502183801122
boo,0.4073559681685733
maybe,0.406994850391871
pizza,0.40683113490695083
hospital,0.40681778313199124
moment,0.4059439761664053
feel like,0.4051236975360233
india,0.4049024098476521
dis,0.40382052110205247
watching tv,0.40353967450753253
glad,0.40279562795189544
dont forget,0.40257663428759827
sender,0.40253968936970613
rest,0.40174072904625824
tuesday,0.40115051179044414
longer,0.4005215292567458
pussy,0.40039909569148513
al,0.39813467434927885
knew,0.3980467032036253
frm,0.3972476435819921
ex,0.3959674663357205
support,0.3948372494508708
movie collect,0.39294792426102015
super,0.39226728740620126
darren,0.39173602339563435
keeping,0.39154878518266667
evening,0.3915379311307208
coffee,0.3910378553976296
worried,0.38879009095501293
sea,0.3882398587419565
idiot,0.38753725556486707
weather,0.38691497841447786
hope good,0.38519095362081657
din,0.38516100197030545
ready,0.38491483548059857
kallis,0.3845682441652052
hol,0.3843232429095802
yijue,0.3840658592527464
funny,0.3837049508839731
especially,0.38332908400521104
disturb,0.3829779246105823
place,0.38263235179097677
vl,0.38255856109219166
gave,0.382159495483216
rakhesh,0.38150888248761594
er,0.38108546178537006
dear,0.3804497001930739
eatin,0.3801440435331521
detroit,0.3801389210106597
happy birthday,0.38011236812718724
rent,0.3800558133533361
stupid,0.37872683826160086
ve sent,0.37855155137198726
slave,0.3784309078800048
bloke,0.37835206688029843
bucks,0.37790485044346966
bf,0.3776574437110351
holla,0.3774503280822431
deal,0.3769894104011991
library,0.3747643734705288
wonder,0.37394212677031297
choice,0.3735488060964439
gt mins,0.3727954111573625
hope having,0.37243588500162994
armand,0.37156196872721725
ll send,0.3715189145231118
story,0.37134850669145925
hand,0.37100568322871685
inside,0.3704846026978457
fb,0.36976773479932584
bag,0.3692634424837359
eating,0.3688481105571476
il,0.3684283815724379
channel,0.3679520702482005
yay,0.367634064902373
cheers,0.36740895285757164
reply msg,0.3674081622281086
honey,0.3673804697846591
customer place,0.36678648673456204
sim,0.366679685345787
sat,0.3665057935256214
frens,0.36645735701633114
don worry,0.3660556467483351
wins,0.3659216868330848
cut,0.3657722490944408
spent,0.36540561858628384
ride,0.36498061243065805
bugis,0.3646505823554247
aight ll,0.364440268386816
reality,0.363431015495675
hoping,0.3628630025394633
deep,0.36255889122019
oops,0.3621278730407889
paying,0.3619626272073997
mood,0.36053703674967913
got job,0.36044672427777763
kept,0.36037337706223616
2u,0.36019963315257014
izzit,0.3600901806496621
forever,0.35914178451155626
come tomorrow,0.358470428592849
holding,0.35586022383423943
sufficient,0.3547816237687142
sorry da,0.35369959522818584
list,0.35285517902689034
die,0.352819542421789
don think,0.35280099028435496
pilates,0.3527174769742524
happiness,0.3523259713464953
drop,0.35232391685745224
hiya,0.3521672781640442
hee,0.3503894805165381
whats,0.35006897866845593
looks,0.34992764087204054
raining,0.3494749463198257
country,0.3489790899798969
voice,0.34874050661482003
just got,0.3485113063608848
hide,0.3482721808705247
dont want,0.34796297819320043
parents,0.3475160848693501
friday,0.34731472559638565
menu,0.3472349965023097
wouldn,0.3463281618700678
decide,0.3460140024964889
just sign,0.3459721483593464
putting,0.34583554099033925
dead,0.34570259653996893
survey,0.34476124430004007
2morro,0.3445829138162795
yes princess,0.3442003165797852
msg reply,0.34403262802809764
frnds,0.3440014101797279
seriously,0.34382168540423996
open,0.34348096350154805
nichols,0.3431909139180758
unsold,0.342908664488888
grins,0.3419198853545584
excellent,0.34142546021229786
silent,0.34081987925947665
surprise,0.3407075183638594
friends,0.33860744666517545
joking,0.3376331465030726
easier,0.336660622022505
blue,0.3362340148474931
good afternoon,0.33604591285380686
sir waiting,0.33541778350773416
waste,0.33505003409194234
bcoz,0.3350167554765933
plus,0.3344029246597323
love ya,0.33429153601631495
difficult,0.3342491961806058
coming home,0.33397731965730404
dial,0.33298421639507264
random,0.3326485467530175
planned,0.3325701766944751
texting,0.331337395604304
wearing,0.3310416971998661
cock,0.3309423710204916
instructions,0.33043703002964075
forward,0.3296683004391563
ll leave,0.32912195439270026
bowl,0.3289639155464113
don want,0.32893439281485565
tells,0.3283735290596764
joke,0.327363282321912
battery,0.3271400463775621
light,0.3265166040619477
turns,0.32651537691283405
acc,0.32618007805360755
unless,0.32592670186903144
checked,0.32543286763504664
dunno lei,0.3254300739758225
8pm,0.3248448093214995
derek,0.32478093466717545
slowly,0.32477633721362414
valentine,0.32446224622340625
nxt,0.32437254351935535
poor,0.3243633621402059
south,0.3237248753615962
fault,0.3232337124813582
accordingly,0.32317489717995
receiving,0.3230919582488118
include,0.3212986302859949
sorry ll,0.32123250211784693
radio,0.3206513808132442
sofa,0.32000798760225246
happens,0.3199444142194585
people,0.3198622675332739
result,0.31947020052690517
men,0.3188998544059078
torch,0.31879347818247855
download,0.31838766220945225
cream,0.3181361438856839
don like,0.31735260279161237
couldn,0.3172165134528108
roger,0.3165710498603814
mode,0.3164440791747623
site,0.3156048269339177
hr,0.3151699096688792
wan come,0.3151039964074083
cancer,0.313949440621831
oh god,0.3138810827624027
ho,0.3138421122220338
hurts,0.31356230207958624
boring,0.3133028281980156
lady,0.3130798145741247
goes day,0.3120175797098262
model,0.3117391676848008
long time,0.3113329963117898
nice day,0.3112070511983238
costs,0.3111940007933308
good care,0.31069956487319395
year,0.3102479261668392
worse,0.31018292438379613
ok prob,0.3100952183112363
eyes,0.3098095897548051
sn,0.30875011014496073
vikky,0.30857716318351963
advice,0.3075450263668387
celebrate,0.3075251008782655
aunty,0.3075203990875636
football,0.30657431764936927
hit,0.30638609933895244
pissed,0.30540312115058305
road,0.30491844963389536
doin,0.30489705983115467
later tonight,0.3045788481938344
liked,0.3045159417703891
hai,0.3040218202873557
father,0.3037392264856207
esplanade,0.30336010184901413
exams,0.30331688518916367
oh yeah,0.3024930239723433
finally,0.3023675625953855
stopped,0.30199038051081
rofl,0.3019312582430966
copy,0.30176456443479305
felt,0.30071154290178875
air,0.30061954504599625
scream,0.3005609482375273
possible,0.3004304060731968
bother,0.30016865791207137
scared,0.2987382966310938
lick,0.2983995626389826
paid,0.29810653012428545
th,0.29801201529684984
wot,0.2976823071817005
bold,0.29765918712367895
fix,0.297408116157394
lab,0.29725121918756964
pub,0.2967232664720597
prepare,0.29655768494690726
add,0.2965268680605096
waking,0.29646534205772046
everybody,0.29633476304350015
fever,0.29576184239236014
takes,0.2949568897683696
careful,0.2949158135653377
pls dont,0.29472524172394793
time coming,0.29469006386816987
nt,0.2946282459264816
going lunch,0.294551458029164
gautham,0.2939708792471204
thursday,0.29389149779653306
cars,0.2934474049150151
wishing,0.29310355177268166
came,0.29201749528793447
welp,0.29110300389750954
congrats,0.2904453592369527
sunday,0.2903003078966363
tea,0.2901608829263529
usually,0.2899841886740774
oh ok,0.28979844400912985
train,0.2894575782743451
wan watch,0.2894104473200541
burns,0.2887853165914501
ok ll,0.28860327130526964
intro,0.2885038973464027
marriage,0.2881362546959665
sucks,0.28713052522415644
eve,0.2870800909807655
gud nyt,0.28662829185912236
brother,0.2866148137416896
yeah probably,0.2862881037855208
umma,0.28596045907560097
yar lor,0.2859387337684882
damn,0.28531488457896126
trouble,0.2851232992819674
big brother,0.2850740325961447
tirupur,0.28481971103719117
aiyo,0.28470574604598686
office da,0.28467933175839916
donno,0.2840531561461794
unbelievable,0.2840531561461794
practice,0.2840233780218797
mo,0.2837061912097803
dog,0.2835900460312626
cud,0.28357916396399957
fyi,0.28356097878688075
cold,0.28337927190551415
tat,0.2824282292210021
upto,0.2824129136563921
hi darlin,0.2822904583501909
fetch,0.2819133128483439
hw,0.2818701547495121
stand,0.2817598976103885
reading,0.2813652762292643
regular,0.2808847927499607
just finished,0.2807662951313106
power,0.280578405506227
rs,0.27933450950881084
just checking,0.27919539293207557
role,0.2791543216884107
ish,0.278993311230324
swimming,0.27895090646998355
usual,0.27871286640390924
sense,0.2781091081952193
business,0.27792782071962874
problems,0.27782253617994024
arms,0.2777555303046361
nw,0.27746322902434295
medical,0.2770968995862592
ain,0.276781342181481
swt,0.2753409249289137
posted,0.2750575448927929
time finish,0.2746784862010961
ate,0.2742717057029864
brothas,0.27365005186638053
muz,0.2734248916501182
great new,0.2733845882491213
hanging,0.27305509381769866
wed,0.2726109089198599
quit,0.27249387850236734
texted,0.2724724827487795
bye,0.27220068167303957
worries,0.27154811861110834
ve,0.27123094204477516
yeah got,0.27049205021637057
type,0.27047318667570414
lect,0.2703617597609773
photos,0.270052575975827
expired,0.26992710691296073
talk,0.26986946192873434
kano,0.2695305427021235
sweet dreams,0.26943429235679334
ok lar,0.2693504139402056
standing,0.26917114518476
ive,0.26890237008321083
la,0.26889325418291654
gt minutes,0.2688614312165398
buzz,0.2685578160632608
lazy,0.26820426052683477
truth,0.26811594197657546
fish,0.2677902623106772
shouldn,0.2674345936608134
anybody,0.2669486877877311
wtf,0.2667733444252116
ge,0.2663061522233996
thanx lot,0.2661776055238735
lip,0.2657727166615652
cool text,0.265104484930214
twice,0.2640954686545551
boss,0.26396869279379237
just getting,0.263663307806103
playing,0.2635526998331878
women,0.2630452317962012
finishing,0.26260379153243596
cuz,0.26211982537760387
cake,0.26207394339697354
idk,0.261995482811038
matter,0.26188878853535014
howz,0.2616491590437771
good hear,0.26151782618449476
wun,0.2611914195665611
tuition,0.26105254653923265
merry,0.26063843893137506
realy,0.26049504059904793
bet,0.260472012842471
like hour,0.2597993819277491
wear,0.25962562868783995
imma,0.2595350700699894
loved,0.25951316983863987
aren,0.25922291122546587
fren,0.2589266791066175
yes,0.25888143306677236
challenge,0.2587515019023671
happen dear,0.25860967029747683
just sent,0.25847902504238607
depends,0.2583341423210183
ma,0.25806009186733786
gt bucks,0.2579707954049495
hostel,0.2579120793305437
apparently,0.2575841865918158
pole,0.2575381839254437
ok said,0.25736678295486864
naughty,0.25718208509132084
ok come,0.25694924756162496
ben,0.2569148968847519
wednesday,0.256756990401515
really good,0.25657092611511756
white,0.2565012736496967
uni,0.2564743070313642
wylie,0.25620286180736823
meeting da,0.2559884641159495
vomit,0.2558040012176164
beer,0.25537572981159146
bslvyl,0.255086965377416
short,0.2549099670163727
babe love,0.25471697549233685
moms,0.2543924177383482
way home,0.2542063534271584
aiyah,0.254167922603744
advance,0.2530703712101482
make sure,0.25279185782724395
present,0.25272846734623955
speak soon,0.2527190399839706
bak,0.2527029100234346
sen,0.252581699266415
lido,0.2524902762323788
lead,0.25248383901874943
weird,0.25246541283095475
child,0.25234035154472506
exact,0.25222698234141216
mummy,0.2521250531093795
airport,0.2518597498819705
barely,0.2517156560790357
thnk,0.25161417903764816
ic,0.2506004433581181
listen,0.2503822073692192
oh got,0.25018778690923793
wait till,0.25015108953864046
number,0.24988518754806965
lets,0.24939887064553035
body,0.24936736023606082
buff,0.24936000873821304
wants,0.24917658953924732
thangam,0.24917032400769634
da thangam,0.24917032400769634
num,0.24908359231143595
dont think,0.24902531025810332
weight,0.2489539952480871
just saw,0.24893848527815327
abiola,0.24888654977173402
ppl,0.248651995952371
qatar,0.2477604613736708
throw,0.24770831579114738
lor juz,0.24747024935354242
accept,0.2473600194260953
earth,0.24723926336802615
masters,0.24655980581119605
text way,0.2465265142091493
guys,0.24646215678088793
hey babe,0.2464281613918902
time gt,0.24580359810031716
lt time,0.24580359810031716
teeth,0.2456849102370366
inform,0.24499409668022692
going sch,0.24410758218523435
gt ll,0.2439851823690194
apps,0.24288375560263095
oni,0.24285928029798187
like minutes,0.24276048189950655
yeah ll,0.24270565184861823
allah,0.24240505719894206
dropped,0.24198914302838648
envelope,0.24198015461884156
mall,0.2419514942542495
italian,0.24157039720564527
morphine,0.24134646274295127
listening,0.2408342069722599
places,0.24065129539670246
good time,0.2405107970333929
stock,0.2404385918522003
research,0.24022232422854725
3d,0.24015135526396755
ph,0.23996041459218503
heavy,0.2398885619513364
past,0.23978919830774204
half hour,0.23966259342718324
letter,0.23924269190760775
madam,0.23918263461794195
yoga,0.23905575109617092
anti,0.23887158639659573
doors,0.2388356890249317
slide,0.23860101236629264
ll let,0.23796958120782596
tacos,0.2379068224444123
looks like,0.23776715986527372
completely,0.2366187977492155
return,0.23654484774426424
ideas,0.23630778169763145
searching,0.23625951757995092
having dinner,0.23608611234273338
discuss,0.23607639042117792
dey,0.23524852736972363
management,0.23496452204044735
babe,0.23491736343359287
booty,0.23475493809866788
stranger,0.23453822870669827
princess want,0.23403638003102917
surfing,0.23400646605439432
just wanted,0.23399540606289454
headin,0.23394601195428866
ll going,0.23358472326432575
alrite,0.23315897159341054
taken,0.23310382402218097
hunny,0.23306579293873086
red,0.23276594934161643
freezing,0.23266639513201193
hello,0.2326301733964279
having lunch,0.2325563233888284
pie,0.2322612034045326
hella,0.23223393242747606
series,0.23221804238597302
screaming,0.23207405878452583
ve just,0.23169838594190909
imagine,0.23146345332725496
expect,0.23139929385440153
lecture,0.2313979942606922
pongal,0.23138732807877002
tough,0.23052903557254575
shuhui,0.2304014664192748
definitely,0.23014407712191343
hope ur,0.23009461657554287
songs,0.23007308738353002
farm,0.2297676830130841
flat,0.22949897946445516
appt,0.22932442833235972
connection,0.22917905193685165
reach home,0.22899024154970357
john,0.22871169865663263
