mean_fit_time,std_fit_time,mean_score_time,std_score_time,param_model__C,param_model__class_weight,param_select__k,param_tfidf__min_df,param_tfidf__ngram_range,params,split0_test_score,split1_test_score,split2_test_score,split3_test_score,split4_test_score,mean_test_score,std_test_score,rank_test_score
0.1933378219604492,0.024812539687563105,0.047181320190429685,0.004300375931389661,2.0,balanced,2000,2,"(1, 1)","{'model__C': 2.0, 'model__class_weight': 'balanced', 'select__k': 2000, 'tfidf__min_df': 2, 'tfidf__ngram_range': (1, 1)}",0.9178743961352657,0.9191919191919192,0.9306930693069307,0.8942307692307693,0.9458128078817734,0.9215605923493315,0.016956945363833853,1
0.23017311096191406,0.04080710629772183,0.049437761306762695,0.012031001938790524,2.0,balanced,2000,1,"(1, 1)","{'model__C': 2.0, 'model__class_weight': 'balanced', 'select__k': 2000, 'tfidf__min_df': 1, 'tfidf__ngram_range': (1, 1)}",0.8995215311004785,0.9090909090909091,0.9306930693069307,0.9090909090909091,0.95,0.9196792837178455,0.018282295555694952,2
0.3166191101074219,0.05170213300380793,0.06991968154907227,0.017527886716777876,2.0,balanced,2000,2,"(1, 2)","{'model__C': 2.0, 'model__class_weight': 'balanced', 'select__k': 2000, 'tfidf__min_df': 2, 'tfidf__ngram_range': (1, 2)}",0.9215686274509803,0.9154228855721394,0.916256157635468,0.8942307692307693,0.9458128078817734,0.9186582495542261,0.01648502203881875,3
0.19748787879943847,0.029621709606042372,0.04938359260559082,0.012420783224567277,2.0,balanced,1000,2,"(1, 1)","{'model__C': 2.0, 'model__class_weight': 'balanced', 'select__k': 1000, 'tfidf__min_df': 2, 'tfidf__ngram_range': (1, 1)}",0.9170731707317074,0.914572864321608,0.9261083743842364,0.8942307692307693,0.9411764705882353,0.9186323298513113,0.01535236738545294,4
0.31307282447814944,0.03726785922413615,0.0410099983215332,0.004326101735918663,2.0,balanced,3000,2,"(1, 2)","{'model__C': 2.0, 'model__class_weight': 'balanced', 'select__k': 3000, 'tfidf__min_df': 2, 'tfidf__ngram_range': (1, 2)}",0.9082125603864735,0.914572864321608,0.9253731343283582,0.8985507246376812,0.9458128078817734,0.9185044183111788,0.01620158478788433,5
0.21355247497558594,0.04185456925841433,0.04127922058105469,0.0060873890813482965,2.0,balanced,3000,1,"(1, 1)","{'model__C': 2.0, 'model__class_weight': 'balanced', 'select__k': 3000, 'tfidf__min_df': 1, 'tfidf__ngram_range': (1, 1)}",0.8952380952380953,0.9045226130653267,0.9359605911330049,0.9090909090909091,0.945273631840796,0.9180171680736263,0.01921222799013102,6
0.23870768547058105,0.0072499063092107095,0.04843015670776367,0.008662949160754638,2.0,balanced,3000,2,"(1, 1)","{'model__C': 2.0, 'model__class_weight': 'balanced', 'select__k': 3000, 'tfidf__min_df': 2, 'tfidf__ngram_range': (1, 1)}",0.8995215311004785,0.9191919191919192,0.94,0.8899521531100478,0.9405940594059405,0.9178519325616772,0.020610376512817802,7
0.32244367599487306,0.04499893838245059,0.06808457374572754,0.016906761334729316,1.0,balanced,2000,2,"(1, 2)","{'model__C': 1.0, 'model__class_weight': 'balanced', 'select__k': 2000, 'tfidf__min_df': 2, 'tfidf__ngram_range': (1, 2)}",0.9038461538461539,0.91,0.916256157635468,0.8899521531100478,0.9359605911330049,0.911203011144935,0.015136985226053834,8
0.3143476963043213,0.06279444342002546,0.053209114074707034,0.007302261294649841,1.0,balanced,3000,2,"(1, 2)","{'model__C': 1.0, 'model__class_weight': 'balanced', 'select__k': 3000, 'tfidf__min_df': 2, 'tfidf__ngram_range': (1, 2)}",0.9038461538461539,0.91,0.9117647058823529,0.8857142857142857,0.9411764705882353,0.9105003232062054,0.017896930627845253,9
0.19912338256835938,0.023837405727015537,0.06769790649414062,0.02811725995561803,1.0,balanced,2000,1,"(1, 1)","{'model__C': 1.0, 'model__class_weight': 'balanced', 'select__k': 2000, 'tfidf__min_df': 1, 'tfidf__ngram_range': (1, 1)}",0.8899521531100478,0.9045226130653267,0.916256157635468,0.8952380952380953,0.9359605911330049,0.9083859220363883,0.016431051863629646,10
0.19676589965820312,0.03358146736646442,0.04553909301757812,0.004949200558540481,1.0,balanced,1000,2,"(1, 1)","{'model__C': 1.0, 'model__class_weight': 'balanced', 'select__k': 1000, 'tfidf__min_df': 2, 'tfidf__ngram_range': (1, 1)}",0.8899521531100478,0.9,0.9215686274509803,0.8942307692307693,0.9359605911330049,0.9083424281849604,0.01757630516030476,11
0.20054926872253417,0.024979575009282943,0.0419008731842041,0.006599466705818549,1.0,balanced,3000,1,"(1, 1)","{'model__C': 1.0, 'model__class_weight': 'balanced', 'select__k': 3000, 'tfidf__min_df': 1, 'tfidf__ngram_range': (1, 1)}",0.8899521531100478,0.9045226130653267,0.916256157635468,0.8857142857142857,0.9359605911330049,0.9064811601316265,0.018291497922045916,12
0.2400179386138916,0.018348811090237543,0.05003037452697754,0.01522736147970275,1.0,balanced,2000,2,"(1, 1)","{'model__C': 1.0, 'model__class_weight': 'balanced', 'select__k': 2000, 'tfidf__min_df': 2, 'tfidf__ngram_range': (1, 1)}",0.8899521531100478,0.9,0.9170731707317074,0.8815165876777251,0.9365853658536586,0.9050254554746278,0.01972968270419922,13
0.19514217376708984,0.028185648412721528,0.04358940124511719,0.006018535749967553,1.0,balanced,3000,2,"(1, 1)","{'model__C': 1.0, 'model__class_weight': 'balanced', 'select__k': 3000, 'tfidf__min_df': 2, 'tfidf__ngram_range': (1, 1)}",0.8899521531100478,0.91,0.9215686274509803,0.8720379146919431,0.9313725490196079,0.904986248854516,0.021484722831863805,14
0.21281061172485352,0.0316324768290508,0.04278345108032226,0.005833119950354518,0.5,balanced,3000,2,"(1, 1)","{'model__C': 0.5, 'model__class_weight': 'balanced', 'select__k': 3000, 'tfidf__min_df': 2, 'tfidf__ngram_range': (1, 1)}",0.8815165876777251,0.9045226130653267,0.9215686274509803,0.8761904761904762,0.9365853658536586,0.9040767340476334,0.023019903850102122,15
0.19798192977905274,0.01087212811859809,0.04800047874450684,0.006511122691075111,0.5,balanced,1000,2,"(1, 1)","{'model__C': 0.5, 'model__class_weight': 'balanced', 'select__k': 1000, 'tfidf__min_df': 2, 'tfidf__ngram_range': (1, 1)}",0.8857142857142857,0.9045226130653267,0.9170731707317074,0.8803827751196173,0.9313725490196079,0.9038130787301089,0.01903892495605208,16
0.22435641288757324,0.01317458291003042,0.052953481674194336,0.010877211901231454,0.5,balanced,2000,1,"(1, 1)","{'model__C': 0.5, 'model__class_weight': 'balanced', 'select__k': 2000, 'tfidf__min_df': 1, 'tfidf__ngram_range': (1, 1)}",0.8857142857142857,0.898989898989899,0.916256157635468,0.8803827751196173,0.9359605911330049,0.9034607417184549,0.02043272159163452,17
0.3114772319793701,0.027689312523575926,0.06652970314025879,0.011732132485386931,0.5,balanced,3000,2,"(1, 2)","{'model__C': 0.5, 'model__class_weight': 'balanced', 'select__k': 3000, 'tfidf__min_df': 2, 'tfidf__ngram_range': (1, 2)}",0.8899521531100478,0.9054726368159204,0.9073170731707317,0.8720379146919431,0.9411764705882353,0.9031912496753757,0.022851293674777624,18
0.30275764465332033,0.03602811624777332,0.04923744201660156,0.003680654014020283,0.5,balanced,2000,2,"(1, 2)","{'model__C': 0.5, 'model__class_weight': 'balanced', 'select__k': 2000, 'tfidf__min_df': 2, 'tfidf__ngram_range': (1, 2)}",0.8899521531100478,0.9,0.9117647058823529,0.8773584905660378,0.9359605911330049,0.9030071881382886,0.019999768464710892,19
0.2164914608001709,0.017460006084234134,0.05452022552490234,0.0059195433417901944,0.5,balanced,2000,2,"(1, 1)","{'model__C': 0.5, 'model__class_weight': 'balanced', 'select__k': 2000, 'tfidf__min_df': 2, 'tfidf__ngram_range': (1, 1)}",0.8815165876777251,0.9045226130653267,0.9170731707317074,0.8720379146919431,0.9365853658536586,0.9023471304040722,0.023436748164369615,20
0.2803380012512207,0.019030233848546668,0.05099325180053711,0.0054200373363741585,0.5,balanced,3000,1,"(1, 1)","{'model__C': 0.5, 'model__class_weight': 'balanced', 'select__k': 3000, 'tfidf__min_df': 1, 'tfidf__ngram_range': (1, 1)}",0.8857142857142857,0.898989898989899,0.916256157635468,0.8708133971291866,0.9359605911330049,0.9015468661203687,0.0228141295059656,21
0.2878234386444092,0.05024981533684163,0.07360301017761231,0.01663859660538234,2.0,balanced,1000,2,"(1, 2)","{'model__C': 2.0, 'model__class_weight': 'balanced', 'select__k': 1000, 'tfidf__min_df': 2, 'tfidf__ngram_range': (1, 2)}",0.9170731707317074,0.8878048780487805,0.9073170731707317,0.8761904761904762,0.9178743961352657,0.9012519988553922,0.01656685651288228,22
0.28173389434814455,0.01608338083219965,0.05489616394042969,0.006217440883633172,2.0,balanced,1000,1,"(1, 1)","{'model__C': 2.0, 'model__class_weight': 'balanced', 'select__k': 1000, 'tfidf__min_df': 1, 'tfidf__ngram_range': (1, 1)}",0.8846153846153846,0.9019607843137255,0.8975609756097561,0.8792270531400966,0.9178743961352657,0.8962477187628457,0.013616836575834861,23
0.2874720096588135,0.024006944567584922,0.07536578178405762,0.029978357716039794,1.0,balanced,1000,2,"(1, 2)","{'model__C': 1.0, 'model__class_weight': 'balanced', 'select__k': 1000, 'tfidf__min_df': 2, 'tfidf__ngram_range': (1, 2)}",0.8942307692307693,0.8932038834951457,0.9073170731707317,0.8720379146919431,0.912621359223301,0.8958821999623782,0.014067027551487182,24
0.4299802303314209,0.04333235898268811,0.0671008586883545,0.017481722863663854,2.0,balanced,3000,1,"(1, 2)","{'model__C': 2.0, 'model__class_weight': 'balanced', 'select__k': 3000, 'tfidf__min_df': 1, 'tfidf__ngram_range': (1, 2)}",0.8651162790697674,0.9073170731707317,0.9038461538461539,0.8679245283018868,0.9186602870813397,0.892572864293976,0.02184690788083503,25
0.19483022689819335,0.007497755637449421,0.0436211109161377,0.007885978050497242,1.0,balanced,1000,1,"(1, 1)","{'model__C': 1.0, 'model__class_weight': 'balanced', 'select__k': 1000, 'tfidf__min_df': 1, 'tfidf__ngram_range': (1, 1)}",0.8803827751196173,0.896551724137931,0.9019607843137255,0.8653846153846154,0.9178743961352657,0.892430859018231,0.01806560381949806,26
0.2202305316925049,0.011324057897762623,0.06006150245666504,0.005443529955554107,0.5,balanced,1000,1,"(1, 1)","{'model__C': 0.5, 'model__class_weight': 'balanced', 'select__k': 1000, 'tfidf__min_df': 1, 'tfidf__ngram_range': (1, 1)}",0.8761904761904762,0.9054726368159204,0.8975609756097561,0.861244019138756,0.9134615384615384,0.8907859292432894,0.019295261534644698,27
0.28256964683532715,0.021432438610564562,0.05792112350463867,0.004539447061955103,0.5,balanced,1000,2,"(1, 2)","{'model__C': 0.5, 'model__class_weight': 'balanced', 'select__k': 1000, 'tfidf__min_df': 2, 'tfidf__ngram_range': (1, 2)}",0.8720379146919431,0.9073170731707317,0.9073170731707317,0.8584905660377359,0.9038461538461539,0.8898017561834592,0.020526872420875652,28
0.465742301940918,0.060643892989610024,0.06903562545776368,0.012610750507620935,1.0,balanced,3000,1,"(1, 2)","{'model__C': 1.0, 'model__class_weight': 'balanced', 'select__k': 3000, 'tfidf__min_df': 1, 'tfidf__ngram_range': (1, 2)}",0.863849765258216,0.9029126213592233,0.8888888888888888,0.8679245283018868,0.9142857142857143,0.8875723036187859,0.019490812993731448,29
0.46020822525024413,0.03447208647071457,0.06410737037658691,0.007199858273820023,0.5,balanced,3000,1,"(1, 2)","{'model__C': 0.5, 'model__class_weight': 'balanced', 'select__k': 3000, 'tfidf__min_df': 1, 'tfidf__ngram_range': (1, 2)}",0.863849765258216,0.8932038834951457,0.8888888888888888,0.8679245283018868,0.9142857142857143,0.8856305560459704,0.01831390936488776,30
0.4628741264343262,0.0959618326166188,0.0705838680267334,0.021474945288384728,2.0,balanced,2000,1,"(1, 2)","{'model__C': 2.0, 'model__class_weight': 'balanced', 'select__k': 2000, 'tfidf__min_df': 1, 'tfidf__ngram_range': (1, 2)}",0.8623853211009175,0.8942307692307693,0.892018779342723,0.8532110091743119,0.9056603773584906,0.8815012512414425,0.020110091902801098,31
0.4180428981781006,0.028948638218497715,0.059640932083129886,0.0044330588742998835,0.5,balanced,2000,1,"(1, 2)","{'model__C': 0.5, 'model__class_weight': 'balanced', 'select__k': 2000, 'tfidf__min_df': 1, 'tfidf__ngram_range': (1, 2)}",0.8651162790697674,0.8985507246376812,0.8857142857142857,0.8518518518518519,0.9004739336492891,0.880341414984575,0.019022223722918036,32
0.5029644012451172,0.08586207423355188,0.06731305122375489,0.014151227682561855,1.0,balanced,2000,1,"(1, 2)","{'model__C': 1.0, 'model__class_weight': 'balanced', 'select__k': 2000, 'tfidf__min_df': 1, 'tfidf__ngram_range': (1, 2)}",0.8611111111111112,0.8942307692307693,0.8867924528301887,0.8518518518518519,0.9004739336492891,0.878892023734642,0.019030525363368928,33
0.34480767250061034,0.0409258510781965,0.06441574096679688,0.03013141108162059,2.0,,3000,2,"(1, 2)","{'model__C': 2.0, 'model__class_weight': None, 'select__k': 3000, 'tfidf__min_df': 2, 'tfidf__ngram_range': (1, 2)}",0.8695652173913043,0.8571428571428571,0.8756756756756757,0.8817204301075269,0.8681318681318682,0.8704472096898463,0.008216652223259199,34
0.32201170921325684,0.0781839050940671,0.0783656120300293,0.03088276103842752,2.0,,2000,2,"(1, 2)","{'model__C': 2.0, 'model__class_weight': None, 'select__k': 2000, 'tfidf__min_df': 2, 'tfidf__ngram_range': (1, 2)}",0.8695652173913043,0.8571428571428571,0.8695652173913043,0.8695652173913043,0.8681318681318682,0.8667940754897276,0.004857435270764975,35
0.43308005332946775,0.06486228722024517,0.07155752182006836,0.02222337040075353,2.0,balanced,1000,1,"(1, 2)","{'model__C': 2.0, 'model__class_weight': 'balanced', 'select__k': 1000, 'tfidf__min_df': 1, 'tfidf__ngram_range': (1, 2)}",0.8430493273542601,0.8962264150943396,0.8755760368663594,0.8157894736842105,0.8888888888888888,0.8639060283776118,0.030183255716084583,36
0.4435550689697266,0.04432339619163026,0.06049528121948242,0.007241961097088626,0.5,balanced,1000,1,"(1, 2)","{'model__C': 0.5, 'model__class_weight': 'balanced', 'select__k': 1000, 'tfidf__min_df': 1, 'tfidf__ngram_range': (1, 2)}",0.8518518518518519,0.8815165876777251,0.8867924528301887,0.8125,0.8837209302325582,0.8632763645184648,0.028328258333345895,37
0.4538984775543213,0.06357345036721561,0.06342606544494629,0.0127942186260352,1.0,balanced,1000,1,"(1, 2)","{'model__C': 1.0, 'model__class_weight': 'balanced', 'select__k': 1000, 'tfidf__min_df': 1, 'tfidf__ngram_range': (1, 2)}",0.8454545454545455,0.8815165876777251,0.8744186046511628,0.8230088495575221,0.8888888888888888,0.8626574952459688,0.024698306260529348,38
0.21415834426879882,0.013785522798291362,0.04659152030944824,0.009001345600408753,2.0,,2000,2,"(1, 1)","{'model__C': 2.0, 'model__class_weight': None, 'select__k': 2000, 'tfidf__min_df': 2, 'tfidf__ngram_range': (1, 1)}",0.8648648648648649,0.8633879781420765,0.850828729281768,0.8756756756756757,0.8555555555555555,0.862062560703988,0.008526038044158961,39
0.23985657691955567,0.059014313650416726,0.054453706741333006,0.023342441517673805,2.0,,3000,2,"(1, 1)","{'model__C': 2.0, 'model__class_weight': None, 'select__k': 3000, 'tfidf__min_df': 2, 'tfidf__ngram_range': (1, 1)}",0.8648648648648649,0.8571428571428571,0.8571428571428571,0.8756756756756757,0.8491620111731844,0.860797653199888,0.008944283060462011,40
0.19329557418823243,0.022428478275631804,0.04611024856567383,0.007185691644872521,2.0,,1000,2,"(1, 1)","{'model__C': 2.0, 'model__class_weight': None, 'select__k': 1000, 'tfidf__min_df': 2, 'tfidf__ngram_range': (1, 1)}",0.8633879781420765,0.8633879781420765,0.8444444444444444,0.8695652173913043,0.8555555555555555,0.8592682347350914,0.008642929695102023,41
0.3033001899719238,0.07615020902584622,0.06829109191894531,0.01725287256525789,2.0,,3000,1,"(1, 1)","{'model__C': 2.0, 'model__class_weight': None, 'select__k': 3000, 'tfidf__min_df': 1, 'tfidf__ngram_range': (1, 1)}",0.8633879781420765,0.8379888268156425,0.8444444444444444,0.8681318681318682,0.8426966292134831,0.851329949349503,0.012063419730439619,42
0.2313161849975586,0.023226789999135918,0.043411540985107425,0.0066882504738091965,2.0,,2000,1,"(1, 1)","{'model__C': 2.0, 'model__class_weight': None, 'select__k': 2000, 'tfidf__min_df': 1, 'tfidf__ngram_range': (1, 1)}",0.8571428571428571,0.8333333333333334,0.8314606741573034,0.8681318681318682,0.8361581920903954,0.8452453849711515,0.014695803866667561,43
0.28211345672607424,0.011575316201483894,0.05255966186523438,0.004888734205520679,2.0,,1000,2,"(1, 2)","{'model__C': 2.0, 'model__class_weight': None, 'select__k': 1000, 'tfidf__min_df': 2, 'tfidf__ngram_range': (1, 2)}",0.8314606741573034,0.8202247191011236,0.8314606741573034,0.8379888268156425,0.8426966292134831,0.8327663046889711,0.00757082285822943,44
0.20452990531921386,0.023988034770174662,0.04521222114562988,0.011357178832066061,2.0,,1000,1,"(1, 1)","{'model__C': 2.0, 'model__class_weight': None, 'select__k': 1000, 'tfidf__min_df': 1, 'tfidf__ngram_range': (1, 1)}",0.8248587570621468,0.8068181818181818,0.8181818181818182,0.8379888268156425,0.8491620111731844,0.8274019190101948,0.014837468763856845,45
0.5109646320343018,0.07966863326037606,0.07982664108276367,0.03355171798345788,2.0,,3000,1,"(1, 2)","{'model__C': 2.0, 'model__class_weight': None, 'select__k': 3000, 'tfidf__min_df': 1, 'tfidf__ngram_range': (1, 2)}",0.8202247191011236,0.8,0.8248587570621468,0.8295454545454546,0.8426966292134831,0.8234651119844416,0.013927495781176446,46
0.49646916389465334,0.08770391929956123,0.08194222450256347,0.020228246269703463,2.0,,2000,1,"(1, 2)","{'model__C': 2.0, 'model__class_weight': None, 'select__k': 2000, 'tfidf__min_df': 1, 'tfidf__ngram_range': (1, 2)}",0.8,0.8022598870056498,0.8181818181818182,0.8314606741573034,0.8491620111731844,0.8202128781035913,0.01843670662860451,47
0.45692853927612304,0.024292641882731163,0.06798515319824219,0.011777438385870531,2.0,,1000,1,"(1, 2)","{'model__C': 2.0, 'model__class_weight': None, 'select__k': 1000, 'tfidf__min_df': 1, 'tfidf__ngram_range': (1, 2)}",0.7701149425287356,0.7816091954022989,0.8181818181818182,0.8135593220338984,0.8361581920903954,0.8039246940474293,0.02439742125161411,48
0.21249728202819823,0.0248019998874431,0.045719242095947264,0.011238207640320024,1.0,,3000,2,"(1, 1)","{'model__C': 1.0, 'model__class_weight': None, 'select__k': 3000, 'tfidf__min_df': 2, 'tfidf__ngram_range': (1, 1)}",0.8314606741573034,0.7619047619047619,0.7976878612716763,0.8114285714285714,0.7953216374269005,0.7995607012378427,0.022794304436481876,49
0.18419914245605468,0.012841141004427929,0.041605234146118164,0.006588202547295679,1.0,,2000,2,"(1, 1)","{'model__C': 1.0, 'model__class_weight': None, 'select__k': 2000, 'tfidf__min_df': 2, 'tfidf__ngram_range': (1, 1)}",0.8248587570621468,0.7469879518072289,0.7976878612716763,0.7976878612716763,0.7953216374269005,0.7925088137679258,0.02521993159313815,50
0.17528896331787108,0.0216091045143738,0.05135388374328613,0.010974996429336206,1.0,,1000,2,"(1, 1)","{'model__C': 1.0, 'model__class_weight': None, 'select__k': 1000, 'tfidf__min_df': 2, 'tfidf__ngram_range': (1, 1)}",0.8181818181818182,0.7544910179640718,0.783625730994152,0.7764705882352941,0.7810650887573964,0.7827668488265466,0.020479351692579792,51
0.2983097076416016,0.015855698028278558,0.07870726585388184,0.018918473218670233,1.0,,3000,2,"(1, 2)","{'model__C': 1.0, 'model__class_weight': None, 'select__k': 3000, 'tfidf__min_df': 2, 'tfidf__ngram_range': (1, 2)}",0.7976878612716763,0.7361963190184049,0.7764705882352941,0.7619047619047619,0.7664670658682635,0.76774531925968,0.02001884911282222,52
0.2652927875518799,0.016189812873830204,0.07293457984924316,0.027368276764761418,1.0,,2000,2,"(1, 2)","{'model__C': 1.0, 'model__class_weight': None, 'select__k': 2000, 'tfidf__min_df': 2, 'tfidf__ngram_range': (1, 2)}",0.7976878612716763,0.7204968944099379,0.7692307692307693,0.7544910179640718,0.7664670658682635,0.7616747217489438,0.02499690260179907,53
0.22607879638671874,0.026582014629831795,0.04960017204284668,0.00748616386216552,1.0,,3000,1,"(1, 1)","{'model__C': 1.0, 'model__class_weight': None, 'select__k': 3000, 'tfidf__min_df': 1, 'tfidf__ngram_range': (1, 1)}",0.7976878612716763,0.6835443037974683,0.7619047619047619,0.7738095238095238,0.7439024390243902,0.7521697779615641,0.03850389335720224,54
0.22088184356689453,0.018701205806357656,0.04408254623413086,0.0024162302417710924,1.0,,2000,1,"(1, 1)","{'model__C': 1.0, 'model__class_weight': None, 'select__k': 2000, 'tfidf__min_df': 1, 'tfidf__ngram_range': (1, 1)}",0.783625730994152,0.6751592356687898,0.7619047619047619,0.7515151515151515,0.7439024390243902,0.7432214638214492,0.03656032362254311,55
0.2175820827484131,0.01356861747816887,0.04681630134582519,0.012049037988028418,1.0,,1000,1,"(1, 1)","{'model__C': 1.0, 'model__class_weight': None, 'select__k': 1000, 'tfidf__min_df': 1, 'tfidf__ngram_range': (1, 1)}",0.7393939393939394,0.6624203821656051,0.7239263803680982,0.7515151515151515,0.7125,0.7179511706885588,0.030774729910274124,56
0.28959808349609373,0.04919544372250673,0.06448955535888672,0.01793012690666753,1.0,,1000,2,"(1, 2)","{'model__C': 1.0, 'model__class_weight': None, 'select__k': 1000, 'tfidf__min_df': 2, 'tfidf__ngram_range': (1, 2)}",0.7544910179640718,0.6405228758169934,0.7317073170731707,0.7160493827160493,0.7204968944099379,0.7126534975960447,0.03844295424332786,57
0.4522257328033447,0.054819261375793835,0.06670050621032715,0.01184782937492985,1.0,,3000,1,"(1, 2)","{'model__C': 1.0, 'model__class_weight': None, 'select__k': 3000, 'tfidf__min_df': 1, 'tfidf__ngram_range': (1, 2)}",0.6538461538461539,0.6225165562913907,0.6962025316455697,0.6962025316455697,0.6709677419354839,0.6679471030728336,0.027815945415357736,58
0.442507266998291,0.060212951850650356,0.0670403003692627,0.01081040849983839,1.0,,2000,1,"(1, 2)","{'model__C': 1.0, 'model__class_weight': None, 'select__k': 2000, 'tfidf__min_df': 1, 'tfidf__ngram_range': (1, 2)}",0.6451612903225806,0.6133333333333333,0.7044025157232704,0.7125,0.6623376623376623,0.6675469603433692,0.03700400004947243,59
0.4433548927307129,0.05502812290434146,0.0637436866760254,0.008596232452185566,1.0,,1000,1,"(1, 2)","{'model__C': 1.0, 'model__class_weight': None, 'select__k': 1000, 'tfidf__min_df': 1, 'tfidf__ngram_range': (1, 2)}",0.6624203821656051,0.6133333333333333,0.6535947712418301,0.6709677419354839,0.6535947712418301,0.6507821999836164,0.019804757589768716,60
0.19770078659057616,0.028219856753683194,0.03933534622192383,0.0049891495141810805,0.5,,2000,2,"(1, 1)","{'model__C': 0.5, 'model__class_weight': None, 'select__k': 2000, 'tfidf__min_df': 2, 'tfidf__ngram_range': (1, 1)}",0.6709677419354839,0.5179856115107914,0.6493506493506493,0.6580645161290323,0.6447368421052632,0.628221072206244,0.05583725530237089,61
0.24777750968933104,0.032143831865946715,0.049769353866577146,0.017896782530946766,0.5,,3000,2,"(1, 1)","{'model__C': 0.5, 'model__class_weight': None, 'select__k': 3000, 'tfidf__min_df': 2, 'tfidf__ngram_range': (1, 1)}",0.6709677419354839,0.5179856115107914,0.6493506493506493,0.6580645161290323,0.6357615894039735,0.626426021665986,0.05542016439988651,62
0.4972855091094971,0.11570257884332123,0.053201723098754886,0.016771251260259953,0.5,,1000,2,"(1, 1)","{'model__C': 0.5, 'model__class_weight': None, 'select__k': 1000, 'tfidf__min_df': 2, 'tfidf__ngram_range': (1, 1)}",0.6709677419354839,0.5179856115107914,0.6493506493506493,0.6493506493506493,0.6174496644295302,0.6210208633154208,0.05427496810393712,63
0.17412919998168946,0.008424451143938277,0.040545654296875,0.0065011326253022386,0.5,,2000,1,"(1, 1)","{'model__C': 0.5, 'model__class_weight': None, 'select__k': 2000, 'tfidf__min_df': 1, 'tfidf__ngram_range': (1, 1)}",0.6174496644295302,0.4740740740740741,0.6266666666666667,0.6081081081081081,0.5986394557823129,0.5849875938121384,0.05623819257414027,64
0.2140638828277588,0.01821159778016082,0.05152363777160644,0.01797357604187555,0.5,,3000,1,"(1, 1)","{'model__C': 0.5, 'model__class_weight': None, 'select__k': 3000, 'tfidf__min_df': 1, 'tfidf__ngram_range': (1, 1)}",0.6081081081081081,0.4852941176470588,0.6266666666666667,0.6081081081081081,0.5793103448275863,0.5814974690715056,0.050430897213944864,65
0.26087703704833987,0.019925609466472493,0.05037856101989746,0.003696122032038372,0.5,,3000,2,"(1, 2)","{'model__C': 0.5, 'model__class_weight': None, 'select__k': 3000, 'tfidf__min_df': 2, 'tfidf__ngram_range': (1, 2)}",0.6081081081081081,0.45112781954887216,0.5986394557823129,0.5850340136054422,0.49635036496350365,0.5478519524016477,0.0626109445070032,66
0.40582776069641113,0.02459251097788052,0.04369297027587891,0.0017350840869798003,0.5,,1000,1,"(1, 1)","{'model__C': 0.5, 'model__class_weight': None, 'select__k': 1000, 'tfidf__min_df': 1, 'tfidf__ngram_range': (1, 1)}",0.5694444444444444,0.45112781954887216,0.6081081081081081,0.5793103448275863,0.5285714285714286,0.5473124291000879,0.054428873799644575,67
0.2723211765289307,0.02795077479963087,0.056004810333251956,0.005336575781820743,0.5,,2000,2,"(1, 2)","{'model__C': 0.5, 'model__class_weight': None, 'select__k': 2000, 'tfidf__min_df': 2, 'tfidf__ngram_range': (1, 2)}",0.6081081081081081,0.4393939393939394,0.5793103448275863,0.5850340136054422,0.4740740740740741,0.53718409600183,0.06729077283724877,68
0.3345521926879883,0.15495480975007003,0.053160238265991214,0.008739069342625312,0.5,,1000,2,"(1, 2)","{'model__C': 0.5, 'model__class_weight': None, 'select__k': 1000, 'tfidf__min_df': 2, 'tfidf__ngram_range': (1, 2)}",0.5179856115107914,0.40310077519379844,0.49635036496350365,0.524822695035461,0.40310077519379844,0.4690720443794706,0.05467942133545054,69
0.6902874946594239,0.04336167740299357,0.07405304908752441,0.015427374955460147,0.5,,1000,1,"(1, 2)","{'model__C': 0.5, 'model__class_weight': None, 'select__k': 1000, 'tfidf__min_df': 1, 'tfidf__ngram_range': (1, 2)}",0.2975206611570248,0.2689075630252101,0.3387096774193548,0.352,0.19298245614035087,0.29002407154838805,0.05679874089349799,70
0.49774556159973143,0.06767125312672152,0.06866669654846191,0.007829022850101746,0.5,,2000,1,"(1, 2)","{'model__C': 0.5, 'model__class_weight': None, 'select__k': 2000, 'tfidf__min_df': 1, 'tfidf__ngram_range': (1, 2)}",0.2975206611570248,0.2542372881355932,0.36507936507936506,0.352,0.17699115044247787,0.2891656929628922,0.06867890899251353,71
0.4306053161621094,0.029560764915433954,0.06597862243652344,0.016861372812014403,0.5,,3000,1,"(1, 2)","{'model__C': 0.5, 'model__class_weight': None, 'select__k': 3000, 'tfidf__min_df': 1, 'tfidf__ngram_range': (1, 2)}",0.2833333333333333,0.2542372881355932,0.352,0.3252032520325203,0.20869565217391303,0.284693905135072,0.050747036799902764,72
